id,first_name,last_name,email,gender
1,Thorvald,Mastrantone,tmastrantone0@army.mil,M
2,Dickie,Natwick,dnatwick1@cdc.gov,M
3,Guss,Denne,gdenne2@wordpress.org,M
4,Hedvige,Purkis,hpurkis3@lycos.com,F
5,Marven,Emig,memig4@irs.gov,M
6,Rachele,Belchambers,rbelchambers5@mysql.com,F
7,Abrahan,Muddiman,amuddiman6@scribd.com,M
8,Vinny,Poulsum,vpoulsum7@wsj.com,M
9,Anselm,Liebmann,aliebmann8@skype.com,M
10,Isidro,McClinton,imcclinton9@bizjournals.com,M
11,Jacinthe,Hunsworth,jhunswortha@flavors.me,F
12,Patric,Ruckledge,pruckledgeb@t.co,M
13,Guglielmo,Vasichev,gvasichevc@biglobe.ne.jp,M
14,Ricardo,Chattelaine,rchattelained@springer.com,M
15,Suzi,Tuffrey,stuffreye@prweb.com,F
16,Arie,Ballister,aballisterf@list-manage.com,M
17,Quillan,Leitch,qleitchg@unc.edu,M
18,Ileane,Bouchier,ibouchierh@storify.com,F
19,Andrej,Zamorrano,azamorranoi@reverbnation.com,M
20,Erminia,McKane,emckanej@tinyurl.com,F
21,Madison,Billison,mbillisonk@nbcnews.com,M
22,Karrah,Wilhelmy,kwilhelmyl@narod.ru,F
23,Cullin,Franceschino,cfranceschinom@bandcamp.com,M
24,Leelah,Spring,lspringn@vistaprint.com,F
25,Karine,Faldo,kfaldoo@cisco.com,F
26,Edik,Greson,egresonp@rakuten.co.jp,M
27,Aila,Conichie,aconichieq@sciencedaily.com,F
28,Prentiss,Faulder,pfaulderr@ustream.tv,M
29,Sanson,Kirkham,skirkhams@vimeo.com,M
30,Harley,Bowler,hbowlert@ted.com,M
31,Vernon,Sillars,vsillarsu@soundcloud.com,M
32,Felicdad,Salery,fsaleryv@umich.edu,F
33,Rosanna,Richemont,rrichemontw@linkedin.com,F
34,Tallie,Crouch,tcrouchx@nytimes.com,M
35,Christie,Woolfenden,cwoolfendeny@facebook.com,M
36,Annmaria,Spellward,aspellwardz@nps.gov,F
37,Irena,Heathcott,iheathcott10@liveinternet.ru,F
38,Justinn,Gaule,jgaule11@disqus.com,F
39,Ruby,Giles,rgiles12@qq.com,F
40,Omar,MacCallum,omaccallum13@economist.com,M
41,Alicia,Caccavari,acaccavari14@google.it,F
42,Barbaraanne,Brookson,bbrookson15@rakuten.co.jp,F
43,Dimitri,Phare,dphare16@webnode.com,M
44,Jamie,Gash,jgash17@nhs.uk,M
45,Tom,Rubica,trubica18@merriam-webster.com,M
46,Glenn,Coffelt,gcoffelt19@nasa.gov,F
47,Mayer,Goldfinch,mgoldfinch1a@godaddy.com,M
48,Nessy,Pannett,npannett1b@abc.net.au,F
49,Lucius,Zarfai,lzarfai1c@google.es,M
50,Terry,Brownill,tbrownill1d@blogs.com,M
51,Rebbecca,O'Keefe,rokeefe1e@imdb.com,F
52,Margi,Dexter,mdexter1f@opensource.org,F
53,Ty,Yeowell,tyeowell1g@wunderground.com,M
54,Maximilien,Garnsworth,mgarnsworth1h@dot.gov,M
55,Joye,Roomes,jroomes1i@addthis.com,F
56,Sigvard,Belamy,sbelamy1j@so-net.ne.jp,M
57,Jaquelyn,Court,jcourt1k@odnoklassniki.ru,F
58,Mariya,Chew,mchew1l@cloudflare.com,F
59,Philomena,Plomer,pplomer1m@friendfeed.com,F
60,Gerhard,Choppin,gchoppin1n@meetup.com,M
61,Raquel,Drayn,rdrayn1o@w3.org,F
62,Skye,Sowten,ssowten1p@pcworld.com,M
63,Stephan,Richmont,srichmont1q@spiegel.de,M
64,Kassey,Izkovitch,kizkovitch1r@cocolog-nifty.com,F
65,Marten,Huddy,mhuddy1s@yellowbook.com,M
66,Nicolas,Hazeltine,nhazeltine1t@bravesites.com,M
67,Kahaleel,Metschke,kmetschke1u@google.nl,M
68,Abelard,Ferrieri,aferrieri1v@issuu.com,M
69,Torrey,Davio,tdavio1w@surveymonkey.com,M
70,Charlotta,Lampens,clampens1x@devhub.com,F
71,Joane,Corps,jcorps1y@wix.com,F
72,Aguistin,Thorndycraft,athorndycraft1z@apple.com,M
73,Jeannette,Whiterod,jwhiterod20@army.mil,F
74,Idette,Narracott,inarracott21@telegraph.co.uk,F
75,Ellary,Messom,emessom22@furl.net,M
76,Ainsley,Maestro,amaestro23@google.com.hk,F
77,Archaimbaud,Ivic,aivic24@tmall.com,M
78,Pernell,Dukes,pdukes25@census.gov,M
79,Wyndham,Cumpsty,wcumpsty26@goodreads.com,M
80,Sheree,Jahnisch,sjahnisch27@nps.gov,F
81,Stace,Waller,swaller28@mlb.com,F
82,Cinnamon,Galbreth,cgalbreth29@eepurl.com,F
83,Nickolai,Myhan,nmyhan2a@istockphoto.com,M
84,Filmer,Faircliff,ffaircliff2b@elegantthemes.com,M
85,Jarred,Dibley,jdibley2c@google.ca,M
86,Berget,Scrange,bscrange2d@mail.ru,F
87,Eveline,Southerell,esoutherell2e@nationalgeographic.com,F
88,Perceval,Heimes,pheimes2f@usatoday.com,M
89,Shawn,Campbell-Dunlop,scampbelldunlop2g@biblegateway.com,M
90,Aline,Grindell,agrindell2h@alibaba.com,F
91,Anabel,Dodell,adodell2i@microsoft.com,F
92,Camey,Szwarc,cszwarc2j@illinois.edu,M
93,Neilla,Tredger,ntredger2k@mapquest.com,F
94,Lukas,Mummery,lmummery2l@google.ru,M
95,Marian,Molian,mmolian2m@hubpages.com,F
96,Oliviero,Corde,ocorde2n@skype.com,M
97,Sandy,Ropkins,sropkins2o@dyndns.org,F
98,Torie,Kleinbaum,tkleinbaum2p@woothemes.com,F
99,Pennie,Dener,pdener2q@illinois.edu,M
100,Dusty,McElhargy,dmcelhargy2r@posterous.com,F
101,Aviva,Juszczyk,ajuszczyk2s@moonfruit.com,F
102,Bernardine,Leguay,bleguay2t@japanpost.jp,F
103,Carmine,Allworthy,callworthy2u@last.fm,F
104,Siobhan,Ostler,sostler2v@weibo.com,F
105,Beatrice,Bertot,bbertot2w@gravatar.com,F
106,Margalit,Waller-Bridge,mwallerbridge2x@delicious.com,F
107,Genny,Kellen,gkellen2y@sakura.ne.jp,F
108,Farley,Yeell,fyeell2z@foxnews.com,M
109,Bogey,Rookesby,brookesby30@icq.com,M
110,Rayner,Philp,rphilp31@cafepress.com,M
111,Kippie,Cawkill,kcawkill32@china.com.cn,F
112,Sabine,Ellar,sellar33@ow.ly,F
113,Moyna,Emps,memps34@nature.com,F
114,Zane,Snelling,zsnelling35@ucoz.ru,M
115,Alfy,Filipputti,afilipputti36@youtu.be,M
116,Kristoforo,Ashington,kashington37@hp.com,M
117,Corina,Bukowski,cbukowski38@1und1.de,F
118,Lorens,Danihelka,ldanihelka39@yahoo.com,M
119,Susanna,Tilling,stilling3a@deliciousdays.com,F
120,Charmine,Willson,cwillson3b@hugedomains.com,F
121,Mahmud,Antonowicz,mantonowicz3c@usatoday.com,M
122,Fara,Boobyer,fboobyer3d@slashdot.org,F
123,Reinaldos,Rignold,rrignold3e@msu.edu,M
124,Read,Tosney,rtosney3f@zimbio.com,M
125,Bryna,Crump,bcrump3g@fema.gov,F
126,Philippine,Siebart,psiebart3h@admin.ch,F
127,Tina,Rennick,trennick3i@prweb.com,F
128,Caryl,Frigout,cfrigout3j@dailymotion.com,M
129,Cammy,Crank,ccrank3k@digg.com,M
130,Dorry,Havis,dhavis3l@cnn.com,F
131,Berti,McKall,bmckall3m@nymag.com,F
132,Cecelia,Inglesant,cinglesant3n@toplist.cz,F
133,Stacee,Moralee,smoralee3o@wired.com,M
134,Saw,Baumer,sbaumer3p@desdev.cn,M
135,Cassandre,Voules,cvoules3q@latimes.com,F
136,Vick,Featenby,vfeatenby3r@oakley.com,M
137,Nicko,Britnell,nbritnell3s@narod.ru,M
138,Cecil,Leary,cleary3t@epa.gov,F
139,Leisha,Longina,llongina3u@state.gov,F
140,Babb,Forrestill,bforrestill3v@printfriendly.com,F
141,Deena,Chaloner,dchaloner3w@fda.gov,F
142,Van,Boutwell,vboutwell3x@wikimedia.org,F
143,Clemens,Trineman,ctrineman3y@msn.com,M
144,Siward,Message,smessage3z@abc.net.au,M
145,Baryram,Kellett,bkellett40@tripadvisor.com,M
146,Carny,Millership,cmillership41@dyndns.org,M
147,Violetta,Fallow,vfallow42@whitehouse.gov,F
148,Guillermo,Weedenburg,gweedenburg43@wix.com,M
149,Vern,O' Reagan,voreagan44@ning.com,M
150,Bridie,Wozencraft,bwozencraft45@elegantthemes.com,F
151,Ebeneser,Firebrace,efirebrace46@ameblo.jp,M
152,Marguerite,Woodwin,mwoodwin47@mail.ru,F
153,Obediah,De Brett,odebrett48@seesaa.net,M
154,Kevan,Youles,kyoules49@aboutads.info,M
155,Libbey,Kerfod,lkerfod4a@zdnet.com,F
156,Kile,Wallbanks,kwallbanks4b@scribd.com,M
157,Barret,McGinley,bmcginley4c@mashable.com,M
158,Kary,Picard,kpicard4d@huffingtonpost.com,F
159,Alec,Bolus,abolus4e@technorati.com,M
160,Terence,Belle,tbelle4f@washingtonpost.com,M
161,Piotr,Streeten,pstreeten4g@princeton.edu,M
162,Tierney,McFarlane,tmcfarlane4h@reddit.com,F
163,Llywellyn,Terrans,lterrans4i@friendfeed.com,M
164,Hillel,Youngs,hyoungs4j@weebly.com,M
165,Rey,Nottle,rnottle4k@hao123.com,M
166,Dick,Semens,dsemens4l@livejournal.com,M
167,Goddard,Vinecombe,gvinecombe4m@ezinearticles.com,M
168,Barb,Iannini,biannini4n@guardian.co.uk,F
169,Quincy,Buncom,qbuncom4o@skyrock.com,M
170,Norbert,Maryska,nmaryska4p@mapy.cz,M
171,Charla,Healeas,chealeas4q@addthis.com,F
172,Hally,Feldstein,hfeldstein4r@woothemes.com,F
173,Pennie,Powlesland,ppowlesland4s@paginegialle.it,F
174,Karolina,Battson,kbattson4t@wikispaces.com,F
175,Aluin,Gotter,agotter4u@wikimedia.org,M
176,Shellysheldon,Criag,scriag4v@ucoz.ru,M
177,Farrand,Blowing,fblowing4w@wired.com,F
178,Linet,Dibb,ldibb4x@cyberchimps.com,F
179,Sheri,Pirelli,spirelli4y@uol.com.br,F
180,Hodge,Redhead,hredhead4z@microsoft.com,M
181,Mahalia,Birkinshaw,mbirkinshaw50@youtube.com,F
182,Brandyn,Lochet,blochet51@dell.com,M
183,Elisabet,Troy,etroy52@youtu.be,F
184,Margette,Eliaz,meliaz53@yale.edu,F
185,Merrel,Bert,mbert54@posterous.com,M
186,Rebekkah,Mathelin,rmathelin55@qq.com,F
187,Grantham,Gaitone,ggaitone56@hc360.com,M
188,Donnie,Atchly,datchly57@taobao.com,M
189,Lind,Holburn,lholburn58@shop-pro.jp,M
190,Vale,Tosh,vtosh59@odnoklassniki.ru,F
191,Gaby,Jochen,gjochen5a@ucla.edu,M
192,Edd,Toye,etoye5b@elpais.com,M
193,Glennie,Aidler,gaidler5c@nasa.gov,F
194,Heriberto,De Simoni,hdesimoni5d@odnoklassniki.ru,M
195,Farra,Dampney,fdampney5e@accuweather.com,F
196,Hayward,Greated,hgreated5f@wsj.com,M
197,Maridel,Smithend,msmithend5g@yahoo.co.jp,F
198,Belicia,Kelcey,bkelcey5h@youtube.com,F
199,Tisha,Job,tjob5i@flavors.me,F
200,Farrel,Yerill,fyerill5j@flickr.com,M
201,Sergio,Mickan,smickan5k@artisteer.com,M
202,Svend,Sealey,ssealey5l@about.com,M
203,Neville,Jezard,njezard5m@ucoz.ru,M
204,Jany,Peartree,jpeartree5n@netlog.com,F
205,Melisent,Macura,mmacura5o@parallels.com,F
206,Rowen,Le Huquet,rlehuquet5p@shareasale.com,M
207,Britney,Chaikovski,bchaikovski5q@phoca.cz,F
208,Thaxter,Meys,tmeys5r@bandcamp.com,M
209,Paxton,Crosfield,pcrosfield5s@youtube.com,M
210,Hoyt,Palmby,hpalmby5t@nature.com,M
211,Lib,Aire,laire5u@indiegogo.com,F
212,Lizzie,Fitt,lfitt5v@ustream.tv,F
213,Quint,Hawket,qhawket5w@instagram.com,M
214,Woodie,Westmoreland,wwestmoreland5x@edublogs.org,M
215,Mufinella,Alderton,malderton5y@microsoft.com,F
216,Tabby,Keveren,tkeveren5z@1688.com,F
217,Granny,Flatley,gflatley60@alexa.com,M
218,Brynn,McGuffog,bmcguffog61@forbes.com,F
219,Jenn,Sliney,jsliney62@accuweather.com,F
220,Gianni,Taudevin,gtaudevin63@1688.com,M
221,Michel,Wearing,mwearing64@seesaa.net,F
222,Sheila-kathryn,MacAree,smacaree65@cdbaby.com,F
223,Bern,Pargent,bpargent66@google.ca,M
224,Florida,Casarili,fcasarili67@timesonline.co.uk,F
225,Oberon,Queenborough,oqueenborough68@blinklist.com,M
226,Arther,Abrahami,aabrahami69@icio.us,M
227,Thatch,Red,tred6a@apple.com,M
228,Dennie,Duffer,dduffer6b@hc360.com,M
229,Patsy,Orrey,porrey6c@freewebs.com,M
230,Queenie,Longo,qlongo6d@zimbio.com,F
231,Wolfy,Poulgreen,wpoulgreen6e@china.com.cn,M
232,Natividad,Mecchi,nmecchi6f@huffingtonpost.com,F
233,Emanuele,Mountain,emountain6g@weather.com,M
234,Dari,Havelin,dhavelin6h@fema.gov,F
235,Perren,Kemetz,pkemetz6i@boston.com,M
236,Agnesse,Treace,atreace6j@answers.com,F
237,Daffie,Whal,dwhal6k@cornell.edu,F
238,Kaleb,Mallya,kmallya6l@noaa.gov,M
239,Cortie,Braker,cbraker6m@cdbaby.com,M
240,Estella,Matzl,ematzl6n@hexun.com,F
241,Clarie,Armitt,carmitt6o@desdev.cn,F
242,Celestine,Heinemann,cheinemann6p@seesaa.net,F
243,Sunny,Renac,srenac6q@t-online.de,M
244,Allen,Muldownie,amuldownie6r@lulu.com,M
245,Ginny,Hudd,ghudd6s@marketwatch.com,F
246,Helaina,Kopmann,hkopmann6t@fema.gov,F
247,Anson,Guillou,aguillou6u@ucoz.com,M
248,Pip,Piolli,ppiolli6v@sourceforge.net,M
249,Sallee,Colpus,scolpus6w@dailymotion.com,F
250,Nefen,Picheford,npicheford6x@about.com,M
251,Bartholomeo,Ludman,bludman6y@opensource.org,M
252,Desiree,Mylan,dmylan6z@globo.com,F
253,Mickey,Chiplin,mchiplin70@walmart.com,M
254,Kerby,Rosewall,krosewall71@mapy.cz,M
255,Alphard,Kinchley,akinchley72@privacy.gov.au,M
256,Ivie,Affleck,iaffleck73@google.ru,F
257,Chaim,Sudworth,csudworth74@forbes.com,M
258,Dag,Eglin,deglin75@shop-pro.jp,M
259,Allegra,Bahls,abahls76@weibo.com,F
260,Toby,Sheivels,tsheivels77@qq.com,F
261,Seumas,Flancinbaum,sflancinbaum78@foxnews.com,M
262,Vergil,Embra,vembra79@dedecms.com,M
263,Perceval,Claypool,pclaypool7a@t-online.de,M
264,Luci,Kenealy,lkenealy7b@yandex.ru,F
265,Kellia,Lorenzini,klorenzini7c@flickr.com,F
266,Linoel,Stenyng,lstenyng7d@pinterest.com,M
267,Kaye,Attewill,kattewill7e@123-reg.co.uk,F
268,Inessa,Screach,iscreach7f@cyberchimps.com,F
269,Ingelbert,Kelemen,ikelemen7g@ox.ac.uk,M
270,Lucy,Barbrook,lbarbrook7h@dedecms.com,F
271,Maxim,Paula,mpaula7i@livejournal.com,M
272,Cassi,Mountjoy,cmountjoy7j@yandex.ru,F
273,Beale,Crampin,bcrampin7k@state.gov,M
274,Valencia,Ableson,vableson7l@seattletimes.com,F
275,Pru,Bourdel,pbourdel7m@naver.com,F
276,Teddy,Dumbrill,tdumbrill7n@sogou.com,M
277,Ronalda,Gorbell,rgorbell7o@networksolutions.com,F
278,Roderigo,Mettricke,rmettricke7p@psu.edu,M
279,Adamo,Raubheim,araubheim7q@newyorker.com,M
280,Anna,Scrivin,ascrivin7r@51.la,F
281,Stanislaus,Swiggs,sswiggs7s@umich.edu,M
282,Hoyt,Rosenblatt,hrosenblatt7t@un.org,M
283,Johnathon,Peffer,jpeffer7u@prlog.org,M
284,Ranna,Purse,rpurse7v@bigcartel.com,F
285,Normand,Sivell,nsivell7w@smh.com.au,M
286,Morly,Pillans,mpillans7x@usnews.com,M
287,Judye,Houselee,jhouselee7y@google.ru,F
288,Susie,Kenion,skenion7z@yellowpages.com,F
289,Ronni,Roan,rroan80@bloomberg.com,F
290,Allsun,Cashley,acashley81@123-reg.co.uk,F
291,Kelvin,Dilloway,kdilloway82@paginegialle.it,M
292,Elenore,Darlison,edarlison83@angelfire.com,F
293,Ali,Chichgar,achichgar84@reddit.com,M
294,Etti,Greendale,egreendale85@diigo.com,F
295,Rena,Insworth,rinsworth86@salon.com,F
296,Isidor,Feehery,ifeehery87@time.com,M
297,Dieter,Lobell,dlobell88@usgs.gov,M
298,Karel,Hallford,khallford89@opensource.org,F
299,Oralee,Casely,ocasely8a@edublogs.org,F
300,Karlik,Sheryn,ksheryn8b@blinklist.com,M
301,Dorine,Maly,dmaly8c@smugmug.com,F
302,Claudianus,Klaiser,cklaiser8d@xinhuanet.com,M
303,Brittaney,Kummerlowe,bkummerlowe8e@bluehost.com,F
304,Denver,Griffithe,dgriffithe8f@soundcloud.com,M
305,Traci,Conduit,tconduit8g@hibu.com,F
306,Jonah,Berrisford,jberrisford8h@wsj.com,M
307,Cindelyn,Woolland,cwoolland8i@shareasale.com,F
308,Torie,Stallworthy,tstallworthy8j@mayoclinic.com,F
309,Berny,Chese,bchese8k@gizmodo.com,M
310,Javier,Brightey,jbrightey8l@jimdo.com,M
311,Rana,Rodgers,rrodgers8m@dedecms.com,F
312,Penelopa,Sidebotham,psidebotham8n@wikispaces.com,F
313,Lizbeth,Skeene,lskeene8o@sohu.com,F
314,Tadd,Anfossi,tanfossi8p@oakley.com,M
315,Aron,Veal,aveal8q@state.gov,M
316,Leoline,MacAleese,lmacaleese8r@dedecms.com,F
317,Frederique,Ferrers,fferrers8s@pen.io,F
318,Sheffie,Saiger,ssaiger8t@twitpic.com,M
319,Shandie,Chsteney,schsteney8u@buzzfeed.com,F
320,Trula,Jeskin,tjeskin8v@toplist.cz,F
321,Nolly,Hawley,nhawley8w@wix.com,M
322,Vaughn,Gandy,vgandy8x@goo.gl,M
323,Hailey,Hauger,hhauger8y@marketwatch.com,M
324,Meriel,Nunns,mnunns8z@bigcartel.com,F
325,Truman,Hearmon,thearmon90@youtu.be,M
326,Carrie,Winnard,cwinnard91@constantcontact.com,F
327,Rowney,Solland,rsolland92@amazon.com,M
328,Carmelita,Fittis,cfittis93@diigo.com,F
329,Annelise,Tuckwood,atuckwood94@1und1.de,F
330,Cassandre,Lettley,clettley95@amazonaws.com,F
331,Ric,Ehlerding,rehlerding96@xrea.com,M
332,Alexander,Ballance,aballance97@pen.io,M
333,Selestina,Stoyle,sstoyle98@indiegogo.com,F
334,Cissiee,Roath,croath99@feedburner.com,F
335,Selina,Bohler,sbohler9a@comcast.net,F
336,Fred,Bartozzi,fbartozzi9b@jugem.jp,M
337,Arline,Milkin,amilkin9c@clickbank.net,F
338,Angelico,Cureton,acureton9d@vk.com,M
339,Leonie,Bierton,lbierton9e@youtu.be,F
340,Davina,Carnie,dcarnie9f@amazonaws.com,F
341,Gaspard,Kirvin,gkirvin9g@msn.com,M
342,Isis,Cockrill,icockrill9h@ucsd.edu,F
343,Jo,Tewnion,jtewnion9i@webmd.com,M
344,Fran,Dusting,fdusting9j@privacy.gov.au,M
345,Lorianna,Shivlin,lshivlin9k@ebay.com,F
346,Minetta,Boyle,mboyle9l@cyberchimps.com,F
347,Trish,Bukac,tbukac9m@feedburner.com,F
348,Starla,Mac Giolla Pheadair,smacgiollapheadair9n@umich.edu,F
349,Giacomo,Frostdick,gfrostdick9o@friendfeed.com,M
350,Sianna,Grebbin,sgrebbin9p@dell.com,F
351,Angelika,Evemy,aevemy9q@aboutads.info,F
352,Babette,Boorne,bboorne9r@hexun.com,F
353,Anabelle,Bukac,abukac9s@ftc.gov,F
354,Enrica,Caulier,ecaulier9t@cnet.com,F
355,Goldy,Berceros,gberceros9u@so-net.ne.jp,F
356,Cara,Rickson,crickson9v@cnbc.com,F
357,Colver,McCumesky,cmccumesky9w@tinypic.com,M
358,Adan,Millhouse,amillhouse9x@ihg.com,M
359,Ernestus,Roels,eroels9y@xinhuanet.com,M
360,Emmeline,Lasseter,elasseter9z@creativecommons.org,F
361,Constantine,Dukes,cdukesa0@unicef.org,F
362,Ansel,Late,alatea1@utexas.edu,M
363,Beauregard,Rosenbloom,brosenblooma2@apple.com,M
364,Ollie,Huyge,ohuygea3@imgur.com,F
365,Denyse,Euston,deustona4@dion.ne.jp,F
366,Brendon,Wesson,bwessona5@cocolog-nifty.com,M
367,Alfy,Bolsteridge,abolsteridgea6@china.com.cn,F
368,Pen,Falls,pfallsa7@fotki.com,F
369,Adrienne,Betty,abettya8@hostgator.com,F
370,Rose,Oguz,roguza9@ehow.com,F
371,Rolph,Oxton,roxtonaa@stanford.edu,M
372,Fin,Ketteman,fkettemanab@sfgate.com,M
373,Ericka,Rustman,erustmanac@sun.com,F
374,Koenraad,Marle,kmarlead@a8.net,M
375,Fanny,Lasselle,flasselleae@tiny.cc,F
376,Elnora,Finlaison,efinlaisonaf@ucoz.com,F
377,Lynne,Mound,lmoundag@cyberchimps.com,F
378,Etienne,Wloch,ewlochah@liveinternet.ru,M
379,Gertrude,Pescud,gpescudai@ca.gov,F
380,Ikey,Jezzard,ijezzardaj@accuweather.com,M
381,Ardine,Kitchenside,akitchensideak@cnbc.com,F
382,Ted,Brewood,tbrewoodal@bbc.co.uk,M
383,Elita,Blazy,eblazyam@sitemeter.com,F
384,Templeton,Crossingham,tcrossinghaman@nationalgeographic.com,M
385,Rebe,Madill,rmadillao@wikipedia.org,F
386,Jacob,Molyneux,jmolyneuxap@linkedin.com,M
387,Janelle,Ockleshaw,jockleshawaq@google.de,F
388,Mathe,Hemphrey,mhemphreyar@shop-pro.jp,M
389,Rickie,Lansberry,rlansberryas@gravatar.com,F
390,Rowan,Stelfox,rstelfoxat@netscape.com,M
391,Mickie,Roderighi,mroderighiau@senate.gov,F
392,Corby,Kleen,ckleenav@biglobe.ne.jp,M
393,Page,Bakewell,pbakewellaw@cdbaby.com,M
394,Gabie,Gray,ggrayax@fda.gov,M
395,Chevalier,Kyttor,ckyttoray@oakley.com,M
396,Clair,Crinson,ccrinsonaz@hatena.ne.jp,F
397,Kiley,Liptrod,kliptrodb0@typepad.com,M
398,Jourdan,Pashby,jpashbyb1@cloudflare.com,F
399,Pia,Hansed,phansedb2@cnn.com,F
400,Paten,Stollsteimer,pstollsteimerb3@newyorker.com,M
401,Kelcey,Macbane,kmacbaneb4@mlb.com,F
402,Carolynn,Beilby,cbeilbyb5@mysql.com,F
403,Olympe,Kemm,okemmb6@istockphoto.com,F
404,Devonna,Rignold,drignoldb7@arstechnica.com,F
405,Anabel,Perren,aperrenb8@hubpages.com,F
406,Audrie,Durber,adurberb9@whitehouse.gov,F
407,Aube,Leynham,aleynhamba@blogtalkradio.com,M
408,Ravid,Mensler,rmenslerbb@ucoz.com,M
409,Deeanne,Rattray,drattraybc@google.ru,F
410,Mallorie,Tinner,mtinnerbd@exblog.jp,F
411,Bartram,Roots,brootsbe@arstechnica.com,M
412,Bobine,Gillespey,bgillespeybf@a8.net,F
413,Axe,Hoggan,ahogganbg@simplemachines.org,M
414,Skippie,Goodhay,sgoodhaybh@sina.com.cn,M
415,Kareem,Hutchcraft,khutchcraftbi@cmu.edu,M
416,Vale,Waghorne,vwaghornebj@simplemachines.org,M
417,Joelynn,Brookwood,jbrookwoodbk@mac.com,F
418,Evan,Kobus,ekobusbl@wufoo.com,M
419,Abbey,Gurden,agurdenbm@shinystat.com,M
420,Shem,Ducker,sduckerbn@google.ru,M
421,Rebekah,Cleave,rcleavebo@usnews.com,F
422,Hesther,Rosindill,hrosindillbp@pinterest.com,F
423,Reinaldos,Geroldini,rgeroldinibq@phoca.cz,M
424,Herbert,McCrystal,hmccrystalbr@salon.com,M
425,Josh,Dee,jdeebs@bbb.org,M
426,Hadrian,Oehm,hoehmbt@newsvine.com,M
427,Caralie,Pickrill,cpickrillbu@geocities.jp,F
428,Lev,Barcroft,lbarcroftbv@utexas.edu,M
429,Dunn,Caban,dcabanbw@furl.net,M
430,Trever,D'Costa,tdcostabx@zdnet.com,M
431,Brynn,Wanklin,bwanklinby@patch.com,F
432,Gaston,Ripper,gripperbz@un.org,M
433,Melinda,Hurche,mhurchec0@domainmarket.com,F
434,Leisha,Kenworth,lkenworthc1@wiley.com,F
435,Paulita,Lavallin,plavallinc2@xinhuanet.com,F
436,Minette,Philippault,mphilippaultc3@examiner.com,F
437,Lavinie,Gosnoll,lgosnollc4@tripadvisor.com,F
438,Jere,Peck,jpeckc5@tmall.com,M
439,Licha,Hinsch,lhinschc6@scribd.com,F
440,Ranna,Handsheart,rhandsheartc7@unblog.fr,F
441,Wilmette,McKernon,wmckernonc8@php.net,F
442,Giulietta,Dukes,gdukesc9@guardian.co.uk,F
443,Alverta,Patey,apateyca@chronoengine.com,F
444,Phil,Marshman,pmarshmancb@narod.ru,M
445,Ralph,Patington,rpatingtoncc@freewebs.com,M
446,Karel,Westmancoat,kwestmancoatcd@microsoft.com,F
447,Lyman,Turrill,lturrillce@hp.com,M
448,Cordula,Hedgecock,chedgecockcf@360.cn,F
449,Ruthe,Larrington,rlarringtoncg@marriott.com,F
450,Rriocard,Jollands,rjollandsch@aol.com,M
451,Loralie,Kollatsch,lkollatschci@blog.com,F
452,Bonita,Trevance,btrevancecj@usnews.com,F
453,Otha,Alessandrucci,oalessandruccick@paypal.com,F
454,Robinetta,Wyant,rwyantcl@dedecms.com,F
455,Deidre,MacLaverty,dmaclavertycm@unesco.org,F
456,Adrea,Caple,acaplecn@xrea.com,F
457,Stacey,Berthot,sberthotco@cornell.edu,F
458,Dorey,Skerritt,dskerrittcp@statcounter.com,F
459,Veda,Percy,vpercycq@ycombinator.com,F
460,Cathy,Moro,cmorocr@thetimes.co.uk,F
461,Gavrielle,Sprulls,gsprullscs@theatlantic.com,F
462,Sayres,Novic,snovicct@xing.com,M
463,Mahala,Pinner,mpinnercu@yellowbook.com,F
464,Leonerd,Addenbrooke,laddenbrookecv@seesaa.net,M
465,Yancy,Begwell,ybegwellcw@nasa.gov,M
466,Dorice,Simonitto,dsimonittocx@hibu.com,F
467,Lorinda,Hundy,lhundycy@cnbc.com,F
468,Ron,Bault,rbaultcz@examiner.com,M
469,Jamil,Lowndesbrough,jlowndesbroughd0@seattletimes.com,M
470,Lettie,Lafflina,llafflinad1@netvibes.com,F
471,Kaleena,Weatherill,kweatherilld2@java.com,F
472,Junina,Grund,jgrundd3@photobucket.com,F
473,Marwin,Gayle,mgayled4@netlog.com,M
474,Barrett,Cheltnam,bcheltnamd5@va.gov,M
475,Lindsay,Matignon,lmatignond6@jiathis.com,M
476,Asher,Point,apointd7@wikispaces.com,M
477,Jilli,Linde,jlinded8@miibeian.gov.cn,F
478,Goddard,Woodington,gwoodingtond9@taobao.com,M
479,Simon,Seathwright,sseathwrightda@mtv.com,M
480,Lucretia,Chipperfield,lchipperfielddb@surveymonkey.com,F
481,Gasparo,Wain,gwaindc@ocn.ne.jp,M
482,Dorothy,Real,drealdd@clickbank.net,F
483,Amalia,Harty,ahartyde@reverbnation.com,F
484,Stanislas,Sonner,ssonnerdf@arizona.edu,M
485,Poppy,Caudelier,pcaudelierdg@noaa.gov,F
486,Innis,Freiburger,ifreiburgerdh@google.fr,M
487,Donni,Buard,dbuarddi@indiegogo.com,F
488,Kathy,Cromarty,kcromartydj@hp.com,F
489,Deloris,Walbrun,dwalbrundk@hubpages.com,F
490,Estella,Storek,estorekdl@time.com,F
491,Eberhard,Peggs,epeggsdm@elpais.com,M
492,Cordey,Karus,ckarusdn@house.gov,F
493,Ivan,Lewerenz,ilewerenzdo@nyu.edu,M
494,Iain,Pollard,ipollarddp@spotify.com,M
495,Peirce,Clixby,pclixbydq@list-manage.com,M
496,Howard,Daubney,hdaubneydr@un.org,M
497,Coleman,Crinage,ccrinageds@oracle.com,M
498,Trina,Gideon,tgideondt@friendfeed.com,F
499,Genny,Beauvais,gbeauvaisdu@drupal.org,F
500,Homer,Antonignetti,hantonignettidv@earthlink.net,M
501,Clarie,Whooley,cwhooleydw@fc2.com,F
502,Gamaliel,Szymoni,gszymonidx@barnesandnoble.com,M
503,Henriette,Dicker,hdickerdy@qq.com,F
504,Ase,Eggerton,aeggertondz@discovery.com,M
505,Edsel,Cruikshanks,ecruikshankse0@about.com,M
506,Nap,Redler,nredlere1@cafepress.com,M
507,Caty,Kubin,ckubine2@businessweek.com,F
508,Maible,Feare,mfearee3@ask.com,F
509,Itch,Scurlock,iscurlocke4@telegraph.co.uk,M
510,Sande,Birkett,sbirkette5@tiny.cc,F
511,Anjela,Varvara,avarvarae6@sun.com,F
512,Orville,Brain,obraine7@mapquest.com,M
513,Ellie,Hakey,ehakeye8@wisc.edu,F
514,Flss,Purchon,fpurchone9@bloglines.com,F
515,Ludvig,Coaten,lcoatenea@ucsd.edu,M
516,Darnell,Lawlie,dlawlieeb@webmd.com,M
517,Margaux,McCaughren,mmccaughrenec@sciencedirect.com,F
518,Gill,Costley,gcostleyed@answers.com,M
519,June,Kremer,jkremeree@cocolog-nifty.com,F
520,Homer,Petley,hpetleyef@comsenz.com,M
521,Eirena,Vardon,evardoneg@newyorker.com,F
522,Renelle,Sercombe,rsercombeeh@google.fr,F
523,Paulie,Easseby,peassebyei@usda.gov,M
524,Taddeusz,Blaschek,tblaschekej@who.int,M
525,Chrissy,Hold,choldek@t.co,F
526,Dunstan,Sorton,dsortonel@dedecms.com,M
527,Boonie,McBrady,bmcbradyem@parallels.com,M
528,Charita,Peartree,cpeartreeen@princeton.edu,F
529,Hephzibah,Filchakov,hfilchakoveo@paginegialle.it,F
530,Kristy,Ivanyukov,kivanyukovep@google.fr,F
531,Ludovico,Powles,lpowleseq@howstuffworks.com,M
532,Dannel,Billison,dbillisoner@taobao.com,M
533,Miguel,Pelman,mpelmanes@wikipedia.org,M
534,Hector,Segges,hseggeset@chron.com,M
535,Land,Cammacke,lcammackeeu@etsy.com,M
536,Taber,Draycott,tdraycottev@toplist.cz,M
537,Ephrem,Lovitt,elovittew@prlog.org,M
538,Dredi,Theurer,dtheurerex@twitter.com,F
539,Meade,Durnell,mdurnelley@moonfruit.com,M
540,Nelli,Jeannet,njeannetez@youku.com,F
541,Royal,Buzine,rbuzinef0@photobucket.com,M
542,Nahum,Berrigan,nberriganf1@phpbb.com,M
543,Catrina,Mico,cmicof2@about.com,F
544,Washington,Graser,wgraserf3@topsy.com,M
545,Nester,Moultrie,nmoultrief4@google.com.hk,M
546,Ivan,Torresi,itorresif5@list-manage.com,M
547,Sharona,Gyer,sgyerf6@bigcartel.com,F
548,Phillip,Ausiello,pausiellof7@cpanel.net,M
549,Rycca,Axleby,raxlebyf8@pcworld.com,F
550,Francoise,Ivushkin,fivushkinf9@reference.com,F
551,Camille,Andras,candrasfa@reverbnation.com,F
552,Brande,Andrini,bandrinifb@noaa.gov,F
553,Corrianne,Hellis,chellisfc@topsy.com,F
554,Say,Goodlet,sgoodletfd@google.es,M
555,Cristal,Dance,cdancefe@gizmodo.com,F
556,Debor,Elles,dellesff@so-net.ne.jp,F
557,Wilmer,Wank,wwankfg@jalbum.net,M
558,Sabine,Leate,sleatefh@t.co,F
559,Adey,Balmforth,abalmforthfi@alexa.com,F
560,Kacie,Vernham,kvernhamfj@prnewswire.com,F
561,Melisent,Gowar,mgowarfk@facebook.com,F
562,Marchall,Archibould,marchibouldfl@smh.com.au,M
563,Kathlin,Shemilt,kshemiltfm@bloomberg.com,F
564,Flori,Bengall,fbengallfn@google.co.uk,F
565,Lalo,Yankov,lyankovfo@paypal.com,M
566,Elsey,Deards,edeardsfp@nsw.gov.au,F
567,Dotti,Alflatt,dalflattfq@myspace.com,F
568,Ursulina,Heugle,uheuglefr@naver.com,F
569,Carmencita,Beville,cbevillefs@admin.ch,F
570,Allen,Fontaine,afontaineft@bravesites.com,M
571,Arlette,Gabotti,agabottifu@wired.com,F
572,Silvie,Antcliff,santclifffv@nhs.uk,F
573,Neil,Goldson,ngoldsonfw@g.co,M
574,Abby,Veighey,aveigheyfx@un.org,F
575,Gunilla,Bogace,gbogacefy@blogtalkradio.com,F
576,Lamar,O'Ferris,loferrisfz@gizmodo.com,M
577,Devondra,Deeth,ddeethg0@aol.com,F
578,Pete,Parks,pparksg1@prweb.com,M
579,Cooper,Ludford,cludfordg2@spiegel.de,M
580,Gladys,Burch,gburchg3@1und1.de,F
581,Oberon,Style,ostyleg4@dailymail.co.uk,M
582,Myrna,Bowery,mboweryg5@usatoday.com,F
583,Marlon,O'Dooghaine,modooghaineg6@goodreads.com,M
584,Lindsy,Milham,lmilhamg7@wisc.edu,F
585,Timmie,Silbert,tsilbertg8@sourceforge.net,F
586,Emmy,Winkell,ewinkellg9@salon.com,F
587,Datha,Kullmann,dkullmannga@icio.us,F
588,Josy,Murrock,jmurrockgb@spiegel.de,F
589,Sophia,Horrell,shorrellgc@blogger.com,F
590,Mikael,Amys,mamysgd@uiuc.edu,M
591,Wallis,Klaussen,wklaussenge@msu.edu,F
592,Esme,Fairbairn,efairbairngf@tamu.edu,F
593,Jehu,Berlin,jberlingg@accuweather.com,M
594,Antonius,Labram,alabramgh@dagondesign.com,M
595,Chip,Whitemarsh,cwhitemarshgi@reuters.com,M
596,Morgun,Stewartson,mstewartsongj@fotki.com,M
597,Brennen,Foxley,bfoxleygk@is.gd,M
598,Libbi,Handman,lhandmangl@xing.com,F
599,Doll,Connock,dconnockgm@tinypic.com,F
600,Dorie,Hanshaw,dhanshawgn@jigsy.com,M
601,Kirstyn,Quare,kquarego@dailymail.co.uk,F
602,Kevin,Kinver,kkinvergp@webeden.co.uk,M
603,Maddy,Chrisp,mchrispgq@woothemes.com,M
604,Maurise,Maunton,mmauntongr@nbcnews.com,F
605,Katusha,Pauls,kpaulsgs@nymag.com,F
606,Karol,Manifield,kmanifieldgt@weibo.com,F
607,Eudora,Ollerton,eollertongu@tumblr.com,F
608,Mackenzie,Soughton,msoughtongv@rediff.com,M
609,Floria,Laneham,flanehamgw@linkedin.com,F
610,Heath,Boshier,hboshiergx@arizona.edu,F
611,Ennis,Greatbanks,egreatbanksgy@gmpg.org,M
612,Nathanial,Andrassy,nandrassygz@theguardian.com,M
613,Redd,Ambrose,rambroseh0@bloomberg.com,M
614,Michale,Brealey,mbrealeyh1@slideshare.net,M
615,Baudoin,Bartelet,bbarteleth2@ameblo.jp,M
616,Theda,Cathie,tcathieh3@dagondesign.com,F
617,Berk,Goodwill,bgoodwillh4@1und1.de,M
618,Aveline,Wilkins,awilkinsh5@mayoclinic.com,F
619,Rancell,Stillgoe,rstillgoeh6@ameblo.jp,M
620,Arlen,Sennett,asennetth7@wufoo.com,F
621,Timi,Sterland,tsterlandh8@vk.com,F
622,Lesley,Cossam,lcossamh9@nyu.edu,F
623,Vanessa,Crickmoor,vcrickmoorha@4shared.com,F
624,Erroll,Edwicke,eedwickehb@slideshare.net,M
625,Paulie,Dowrey,pdowreyhc@goodreads.com,M
626,Kenneth,Earlam,kearlamhd@booking.com,M
627,Lorelei,Wormell,lwormellhe@usnews.com,F
628,Antonina,Klaffs,aklaffshf@barnesandnoble.com,F
629,Abby,Baughan,abaughanhg@apple.com,M
630,Rene,Shatford,rshatfordhh@digg.com,F
631,Hadria,Joutapaitis,hjoutapaitishi@intel.com,F
632,Lucais,Niles,lnileshj@bloglines.com,M
633,Dasie,Langhorn,dlanghornhk@google.fr,F
634,Rogerio,Halwill,rhalwillhl@who.int,M
635,Ronald,Podbury,rpodburyhm@tripadvisor.com,M
636,Natty,Sterley,nsterleyhn@china.com.cn,M
637,Alvan,Carsberg,acarsbergho@google.fr,M
638,Roy,Heymes,rheymeshp@msu.edu,M
639,Elmo,Botler,ebotlerhq@msu.edu,M
640,Zaneta,La Batie,zlabatiehr@engadget.com,F
641,Kristian,Colledge,kcolledgehs@amazon.com,M
642,Henrietta,Blay,hblayht@deliciousdays.com,F
643,Yehudit,Khalid,ykhalidhu@netlog.com,M
644,Kerri,Tuft,ktufthv@xinhuanet.com,F
645,Marguerite,Hanes,mhaneshw@umn.edu,F
646,Ethelyn,Zamboniari,ezamboniarihx@naver.com,F
647,Bart,Caccavari,bcaccavarihy@a8.net,M
648,Boycie,Farrer,bfarrerhz@oracle.com,M
649,Sheelah,Berick,sbericki0@blogger.com,F
650,Germain,Jacmard,gjacmardi1@umn.edu,M
651,Barr,Stouther,bstoutheri2@seattletimes.com,M
652,Darrel,Abramchik,dabramchiki3@buzzfeed.com,M
653,Olimpia,Crate,ocratei4@dailymotion.com,F
654,Anatol,Moxham,amoxhami5@hp.com,M
655,Christyna,Dawby,cdawbyi6@alibaba.com,F
656,Madison,Hearon,mhearoni7@dropbox.com,M
657,Pattie,Kloisner,pkloisneri8@apple.com,M
658,Sorcha,Collinette,scollinettei9@japanpost.jp,F
659,Tobie,Hansford,thansfordia@blogger.com,M
660,Brantley,Pride,bprideib@uol.com.br,M
661,Ewan,Pina,epinaic@loc.gov,M
662,Savina,Phipard-Shears,sphipardshearsid@ox.ac.uk,F
663,Stinky,Devonside,sdevonsideie@friendfeed.com,M
664,Nadiya,Wigfield,nwigfieldif@simplemachines.org,F
665,Floris,Glancey,fglanceyig@uol.com.br,F
666,Elroy,Moreno,emorenoih@php.net,M
667,Emerson,Minter,eminterii@cam.ac.uk,M
668,Bartie,Haster,bhasterij@slashdot.org,M
669,Lelah,Slott,lslottik@ox.ac.uk,F
670,Keriann,Cammish,kcammishil@flickr.com,F
671,Griff,Sauvage,gsauvageim@bluehost.com,M
672,Orren,Simonot,osimonotin@dion.ne.jp,M
673,Hannie,Brick,hbrickio@comsenz.com,F
674,Odell,Petrakov,opetrakovip@bizjournals.com,M
675,Harman,Gosdin,hgosdiniq@posterous.com,M
676,Polly,Dumbrill,pdumbrillir@ft.com,F
677,Tiffani,Culkin,tculkinis@t.co,F
678,Silvain,Blagburn,sblagburnit@netvibes.com,M
679,Tessa,Benaine,tbenaineiu@imdb.com,F
680,Corty,Verrill,cverrilliv@google.com.hk,M
681,Bren,McKelvey,bmckelveyiw@columbia.edu,F
682,Jonathon,Jodrellec,jjodrellecix@360.cn,M
683,Vivie,Leckenby,vleckenbyiy@bloomberg.com,F
684,Dorthy,Leipnik,dleipnikiz@furl.net,F
685,Hagen,Marc,hmarcj0@is.gd,M
686,Milton,Bracci,mbraccij1@shareasale.com,M
687,Gerrilee,Del Checolo,gdelchecoloj2@vimeo.com,F
688,Katina,Benduhn,kbenduhnj3@bing.com,F
689,Sonni,Hayles,shaylesj4@joomla.org,F
690,Audie,Neumann,aneumannj5@nationalgeographic.com,F
691,Peggy,Betterton,pbettertonj6@dropbox.com,F
692,Blair,Crocetto,bcrocettoj7@google.it,F
693,Nicolas,Perillo,nperilloj8@wordpress.org,M
694,Modestine,McVanamy,mmcvanamyj9@chronoengine.com,F
695,Chauncey,Wulfinger,cwulfingerja@51.la,M
696,Charisse,Pesterfield,cpesterfieldjb@uiuc.edu,F
697,Bradford,Kempton,bkemptonjc@bizjournals.com,M
698,Jeri,Atwill,jatwilljd@vk.com,F
699,Melantha,Wellstead,mwellsteadje@sciencedirect.com,F
700,Tomas,Cookman,tcookmanjf@histats.com,M
701,Verine,Maccrea,vmaccreajg@webs.com,F
702,Caspar,Scholer,cscholerjh@time.com,M
703,Ulick,Hammor,uhammorji@github.com,M
704,Revkah,Crysell,rcryselljj@twitter.com,F
705,Rees,Orred,rorredjk@gravatar.com,M
706,Osgood,Scorrer,oscorrerjl@themeforest.net,M
707,Teresita,Vedyashkin,tvedyashkinjm@etsy.com,F
708,Ignacio,Ather,iatherjn@tinypic.com,M
709,Mike,Aspinell,maspinelljo@prlog.org,M
710,Elka,Allington,eallingtonjp@mac.com,F
711,Alaric,de Juares,adejuaresjq@cnet.com,M
712,Isacco,Bergin,iberginjr@apple.com,M
713,Burke,Pickersail,bpickersailjs@statcounter.com,M
714,Cristie,Taphouse,ctaphousejt@123-reg.co.uk,F
715,Nollie,Bunstone,nbunstoneju@prweb.com,F
716,Shaylynn,O'Hone,sohonejv@plala.or.jp,F
717,Renie,Fuzzens,rfuzzensjw@gizmodo.com,F
718,Timmy,Turfrey,tturfreyjx@hc360.com,F
719,Mira,Hastwell,mhastwelljy@freewebs.com,F
720,Lewie,Hedney,lhedneyjz@patch.com,M
721,Lief,O'Regan,loregank0@parallels.com,M
722,Nicol,Clow,nclowk1@sohu.com,M
723,Toiboid,Schimonek,tschimonekk2@dailymail.co.uk,M
724,Maurie,Huddle,mhuddlek3@ca.gov,M
725,Joyous,Brotherhood,jbrotherhoodk4@jigsy.com,F
726,Terri,Addyman,taddymank5@gmpg.org,M
727,Giustino,D'Aubney,gdaubneyk6@ovh.net,M
728,Loydie,Yerby,lyerbyk7@ning.com,M
729,Melany,Wloch,mwlochk8@fotki.com,F
730,Fran,Picopp,fpicoppk9@imageshack.us,M
731,Bridget,Ledingham,bledinghamka@multiply.com,F
732,Blaine,Insko,binskokb@istockphoto.com,M
733,Chrotoem,Hewes,cheweskc@deliciousdays.com,M
734,Priscella,Blakeston,pblakestonkd@youku.com,F
735,Den,Bugdall,dbugdallke@usgs.gov,M
736,Zackariah,Thackston,zthackstonkf@google.co.jp,M
737,Tadd,Note,tnotekg@answers.com,M
738,Amargo,Burkin,aburkinkh@typepad.com,F
739,Joyann,Ley,jleyki@dmoz.org,F
740,Jessalin,Stemson,jstemsonkj@mapy.cz,F
741,Perren,Leaves,pleaveskk@alexa.com,M
742,Donal,Gisburne,dgisburnekl@sina.com.cn,M
743,Tripp,Dennington,tdenningtonkm@apache.org,M
744,Doroteya,O'Heaney,doheaneykn@sogou.com,F
745,Amby,Knibbs,aknibbsko@diigo.com,M
746,Gracie,Giuron,ggiuronkp@behance.net,F
747,Loralie,Dinis,ldiniskq@wired.com,F
748,Sascha,By,sbykr@hhs.gov,M
749,Ashlee,Sifleet,asifleetks@nymag.com,F
750,Ware,Fulger,wfulgerkt@mediafire.com,M
751,Konrad,Element,kelementku@wiley.com,M
752,Mitchel,Vaulkhard,mvaulkhardkv@economist.com,M
753,Franchot,Vacher,fvacherkw@elpais.com,M
754,Diena,Olivier,dolivierkx@friendfeed.com,F
755,Bartholomew,Blunt,bbluntky@barnesandnoble.com,M
756,Trumaine,McKeachie,tmckeachiekz@dagondesign.com,M
757,Eldin,Guterson,egutersonl0@uol.com.br,M
758,Cherise,Noah,cnoahl1@loc.gov,F
759,Sanson,Galiford,sgalifordl2@apache.org,M
760,Isa,Bendley,ibendleyl3@biblegateway.com,M
761,Osborn,Spencock,ospencockl4@blinklist.com,M
762,Lowe,Crooks,lcrooksl5@census.gov,M
763,Quinton,Wilson,qwilsonl6@symantec.com,M
764,Mariele,Peepall,mpeepalll7@devhub.com,F
765,Francois,Caret,fcaretl8@desdev.cn,M
766,Jazmin,Darinton,jdarintonl9@zimbio.com,F
767,Lem,Chmiel,lchmiella@fotki.com,M
768,Cozmo,Bastard,cbastardlb@huffingtonpost.com,M
769,Iolande,Woolmer,iwoolmerlc@seesaa.net,F
770,Lizbeth,Arundel,larundelld@comsenz.com,F
771,Melisse,Binns,mbinnsle@columbia.edu,F
772,Fiorenze,Angless,fanglesslf@baidu.com,F
773,Cece,Favela,cfavelalg@ebay.com,M
774,Haily,Ikins,hikinslh@bloomberg.com,M
775,Wyndham,Iacopetti,wiacopettili@miibeian.gov.cn,M
776,Brand,felip,bfeliplj@shinystat.com,M
777,Douglas,Megson,dmegsonlk@state.tx.us,M
778,Albina,Keattch,akeattchll@cargocollective.com,F
779,Daryl,Gentil,dgentillm@indiegogo.com,F
780,Lilas,Aleksidze,laleksidzeln@adobe.com,F
781,Galvan,Lavallie,glavallielo@webeden.co.uk,M
782,Otto,Ismay,oismaylp@ox.ac.uk,M
783,Loretta,Strike,lstrikelq@storify.com,F
784,Shanon,Hutchason,shutchasonlr@vinaora.com,F
785,Wyatt,Bottle,wbottlels@webmd.com,M
786,Briano,Dickman,bdickmanlt@a8.net,M
787,Dorothee,Ahrendsen,dahrendsenlu@walmart.com,F
788,Dorey,Camel,dcamellv@ning.com,M
789,Mehetabel,Lezemore,mlezemorelw@diigo.com,F
790,Constantine,Cerro,ccerrolx@istockphoto.com,F
791,Moore,Muirden,mmuirdenly@ask.com,M
792,Garret,Train,gtrainlz@weebly.com,M
793,Amberly,Pessold,apessoldm0@artisteer.com,F
794,Faina,Toffts,ftofftsm1@tinypic.com,F
795,Harmony,Escalante,hescalantem2@nih.gov,F
796,Casey,Simmig,csimmigm3@irs.gov,M
797,Onfroi,Bachnic,obachnicm4@homestead.com,M
798,Myer,Traynor,mtraynorm5@ning.com,M
799,Lazaro,Yanshin,lyanshinm6@mediafire.com,M
800,Augustus,Clopton,acloptonm7@indiegogo.com,M
801,Martino,Rosenschein,mrosenscheinm8@nydailynews.com,M
802,Karola,Lambe,klambem9@bbb.org,F
803,Alidia,Burroughes,aburroughesma@webmd.com,F
804,Tyler,Lynde,tlyndemb@twitter.com,M
805,Harlen,Ecclestone,hecclestonemc@blogtalkradio.com,M
806,Xever,Sex,xsexmd@pbs.org,M
807,Halsey,Churn,hchurnme@blogs.com,M
808,Darrell,Tilmouth,dtilmouthmf@forbes.com,M
809,Sarena,Sturror,ssturrormg@wufoo.com,F
810,Grace,Quigg,gquiggmh@amazon.co.uk,M
811,Bari,MacNab,bmacnabmi@wikia.com,F
812,Codi,Poundesford,cpoundesfordmj@vistaprint.com,F
813,Jeannette,Hathwood,jhathwoodmk@wikia.com,F
814,Edi,Ratcliffe,eratcliffeml@sun.com,F
815,Genvieve,Sawyer,gsawyermm@sciencedaily.com,F
816,Winna,Guiso,wguisomn@bloglovin.com,F
817,Sadye,Bonham,sbonhammo@reference.com,F
818,Dareen,Bunclark,dbunclarkmp@squarespace.com,F
819,Arabela,Biskupski,abiskupskimq@google.com,F
820,Garrett,Widdison,gwiddisonmr@baidu.com,M
821,Nealy,Woller,nwollerms@sciencedaily.com,M
822,Roi,Nott,rnottmt@trellian.com,M
823,Adara,Szantho,aszanthomu@stumbleupon.com,F
824,Garwood,Garden,ggardenmv@canalblog.com,M
825,Marcelline,Orteu,morteumw@flavors.me,F
826,Kain,Heilds,kheildsmx@nih.gov,M
827,Collete,Gebhard,cgebhardmy@yahoo.com,F
828,Christian,Frankish,cfrankishmz@zdnet.com,M
829,Adlai,Golagley,agolagleyn0@cmu.edu,M
830,Ulises,Plank,uplankn1@cam.ac.uk,M
831,Haslett,Attwood,hattwoodn2@nationalgeographic.com,M
832,Paolo,Whelan,pwhelann3@timesonline.co.uk,M
833,Hayyim,Wycherley,hwycherleyn4@home.pl,M
834,Dalis,Node,dnoden5@hhs.gov,M
835,Tabbi,Dallinder,tdallindern6@google.es,F
836,Dewain,Lambersen,dlambersenn7@dyndns.org,M
837,Ruthe,Puckrin,rpuckrinn8@ocn.ne.jp,F
838,Claudetta,Windmill,cwindmilln9@pcworld.com,F
839,Dru,Wainwright,dwainwrightna@si.edu,M
840,Waring,Paquet,wpaquetnb@360.cn,M
841,Waylen,Cornwell,wcornwellnc@fda.gov,M
842,Dayle,Jeromson,djeromsonnd@multiply.com,F
843,Bing,Chastel,bchastelne@php.net,M
844,Yolanthe,Bellanger,ybellangernf@livejournal.com,F
845,Bartholemy,Cumpsty,bcumpstyng@tumblr.com,M
846,Rosette,Polack,rpolacknh@npr.org,F
847,Zsa zsa,Bettison,zbettisonni@hao123.com,F
848,Rowland,Bangham,rbanghamnj@google.fr,M
849,Lorenzo,Bestman,lbestmannk@hostgator.com,M
850,Brendis,Brunroth,bbrunrothnl@jigsy.com,M
851,Taber,Echalier,techaliernm@amazon.co.jp,M
852,Melva,Bestar,mbestarnn@dailymail.co.uk,F
853,Clea,Knok,cknokno@mail.ru,F
854,Trix,Behrens,tbehrensnp@opera.com,F
855,Dix,Bradock,dbradocknq@ibm.com,F
856,Kane,Oppie,koppienr@boston.com,M
857,Rosemaria,Fazackerley,rfazackerleyns@bravesites.com,F
858,Beryl,Pardey,bpardeynt@drupal.org,F
859,Brita,Cradoc,bcradocnu@odnoklassniki.ru,F
860,Ginnifer,Farnham,gfarnhamnv@123-reg.co.uk,F
861,Tracie,Giacovetti,tgiacovettinw@lycos.com,F
862,Issie,Videan,ivideannx@answers.com,F
863,Dee dee,Overshott,dovershottny@ezinearticles.com,F
864,Tiler,Hamnett,thamnettnz@networksolutions.com,M
865,Linda,Ollerenshaw,lollerenshawo0@skype.com,F
866,Fawne,Gildroy,fgildroyo1@merriam-webster.com,F
867,Thedrick,Bleackly,tbleacklyo2@statcounter.com,M
868,Claude,Claringbold,cclaringboldo3@mac.com,F
869,Tremain,Bentje,tbentjeo4@va.gov,M
870,Kelcy,Ensor,kensoro5@disqus.com,F
871,Celene,Trayes,ctrayeso6@house.gov,F
872,Royal,Deacock,rdeacocko7@booking.com,M
873,Lowrance,Bellelli,lbellellio8@intel.com,M
874,Ludwig,Fadell,lfadello9@reuters.com,M
875,Cele,Seeking,cseekingoa@nps.gov,F
876,Flori,Pettman,fpettmanob@eepurl.com,F
877,Morganne,Kuna,mkunaoc@merriam-webster.com,F
878,Jarred,Reijmers,jreijmersod@icq.com,M
879,Normy,Penchen,npenchenoe@state.gov,M
880,Kellen,Ainley,kainleyof@rambler.ru,M
881,Fons,Wyllcocks,fwyllcocksog@bloomberg.com,M
882,Dix,Undrell,dundrelloh@cornell.edu,F
883,Barrie,Pulhoster,bpulhosteroi@wisc.edu,M
884,Hortense,Nockolds,hnockoldsoj@about.com,F
885,Humberto,Bechley,hbechleyok@wordpress.org,M
886,Garland,Lynett,glynettol@hud.gov,F
887,Frasier,Wixon,fwixonom@people.com.cn,M
888,Cam,Girault,cgiraulton@lulu.com,F
889,Corbet,Lawful,clawfuloo@bluehost.com,M
890,Yetty,Canet,ycanetop@omniture.com,F
891,Dorie,Clucas,dclucasoq@pagesperso-orange.fr,F
892,Frasco,Work,fworkor@unc.edu,M
893,Elsworth,Robun,erobunos@psu.edu,M
894,Laraine,Stapley,lstapleyot@youtube.com,F
895,Bail,Caukill,bcaukillou@pagesperso-orange.fr,M
896,Myriam,Cremins,mcreminsov@weebly.com,F
897,Woodrow,Druery,wdrueryow@techcrunch.com,M
898,Cleo,Heine,cheineox@hc360.com,F
899,Allin,Gowans,agowansoy@soup.io,M
900,Cristobal,Caughtry,ccaughtryoz@surveymonkey.com,M
901,Bartel,Parmer,bparmerp0@ehow.com,M
902,Cobby,MacAscaidh,cmacascaidhp1@ocn.ne.jp,M
903,Brice,Stoppe,bstoppep2@wikispaces.com,M
904,Shannon,Vasin,svasinp3@dagondesign.com,M
905,Judah,Kemish,jkemishp4@opensource.org,M
906,Clement,Bartosik,cbartosikp5@youtu.be,M
907,Prentiss,McCromley,pmccromleyp6@1und1.de,M
908,Filberto,Adriano,fadrianop7@chron.com,M
909,Cheslie,O'Leary,colearyp8@amazon.de,F
910,Andie,Burkhill,aburkhillp9@businesswire.com,F
911,Claudetta,Gittose,cgittosepa@nymag.com,F
912,Mayer,Gripton,mgriptonpb@reddit.com,M
913,Yetty,Tolle,ytollepc@irs.gov,F
914,Annmaria,Farbrother,afarbrotherpd@soup.io,F
915,Kassie,Mogridge,kmogridgepe@themeforest.net,F
916,Jacqueline,Harrigan,jharriganpf@cbsnews.com,F
917,Osbourne,Hackleton,ohackletonpg@boston.com,M
918,Ezra,Robers,erobersph@bing.com,M
919,Guinevere,Cunliffe,gcunliffepi@hc360.com,F
920,Stirling,Heare,shearepj@miibeian.gov.cn,M
921,Chandler,Bearn,cbearnpk@apple.com,M
922,Lissy,Ellerman,lellermanpl@quantcast.com,F
923,Carmel,Grzeszczyk,cgrzeszczykpm@umn.edu,F
924,Oona,Seccombe,oseccombepn@blinklist.com,F
925,Blayne,Stampe,bstampepo@ed.gov,M
926,Mildrid,Tantum,mtantumpp@ox.ac.uk,F
927,Nerty,Gauvin,ngauvinpq@ocn.ne.jp,F
928,Nikki,Fantham,nfanthampr@jigsy.com,F
929,Kellsie,Tanzer,ktanzerps@cargocollective.com,F
930,Janessa,Staton,jstatonpt@gnu.org,F
931,Ellswerth,Lubomirski,elubomirskipu@cpanel.net,M
932,Mariann,Lile,mlilepv@admin.ch,F
933,Karmen,Simeons,ksimeonspw@nba.com,F
934,Maren,Dobell,mdobellpx@usgs.gov,F
935,Chrisse,Seabrooke,cseabrookepy@ucoz.ru,M
936,Georgena,Rackham,grackhampz@whitehouse.gov,F
937,Ralph,Lavis,rlavisq0@cornell.edu,M
938,Leonerd,Bremmer,lbremmerq1@ucsd.edu,M
939,Martainn,Debill,mdebillq2@devhub.com,M
940,Lowe,Petrichat,lpetrichatq3@princeton.edu,M
941,Sullivan,Letchford,sletchfordq4@list-manage.com,M
942,Kelly,Castanone,kcastanoneq5@linkedin.com,F
943,Edin,Byles,ebylesq6@upenn.edu,F
944,Florentia,Tapner,ftapnerq7@wikispaces.com,F
945,Avery,Pool,apoolq8@columbia.edu,M
946,Libbey,Comins,lcominsq9@dagondesign.com,F
947,Marge,MacManus,mmacmanusqa@newyorker.com,F
948,Derrik,Elderton,deldertonqb@google.co.jp,M
949,Ali,Elvins,aelvinsqc@soundcloud.com,M
950,Lyndsie,Overill,loverillqd@wordpress.com,F
951,Tierney,Dicks,tdicksqe@i2i.jp,F
952,Lyon,Garioch,lgariochqf@hexun.com,M
953,Jolynn,Ferfulle,jferfulleqg@virginia.edu,F
954,Archie,Pedder,apedderqh@microsoft.com,M
955,Caitlin,Lewcock,clewcockqi@forbes.com,F
956,Emelia,Niblo,enibloqj@homestead.com,F
957,Tait,Stallard,tstallardqk@slashdot.org,M
958,Davidson,Gummary,dgummaryql@mozilla.org,M
959,Raynell,Itzkovich,ritzkovichqm@ehow.com,F
960,Darci,Fendley,dfendleyqn@canalblog.com,F
961,Marijn,Hunnybun,mhunnybunqo@dedecms.com,M
962,Lydia,Pagen,lpagenqp@goo.ne.jp,F
963,Tildie,Staker,tstakerqq@upenn.edu,F
964,Tobie,Orpyne,torpyneqr@qq.com,M
965,Lemmie,Vose,lvoseqs@about.com,M
966,Massimo,Norheny,mnorhenyqt@ebay.com,M
967,Jean,Sarsons,jsarsonsqu@techcrunch.com,M
968,Randall,Blancowe,rblancoweqv@pinterest.com,M
969,Flss,Oda,fodaqw@reddit.com,F
970,Pablo,Shippey,pshippeyqx@acquirethisname.com,M
971,Olvan,Dedden,odeddenqy@xrea.com,M
972,Orv,Lanston,olanstonqz@cocolog-nifty.com,M
973,Jacintha,Bankes,jbankesr0@slideshare.net,F
974,Ruthy,Fitzsymonds,rfitzsymondsr1@nhs.uk,F
975,Kayla,Bereford,kberefordr2@meetup.com,F
976,Janelle,Ellesmere,jellesmerer3@wufoo.com,F
977,Jennee,Redmille,jredmiller4@amazon.co.jp,F
978,Appolonia,Dykes,adykesr5@instagram.com,F
979,Emyle,Spon,esponr6@acquirethisname.com,F
980,Lazaro,O'Cuddie,locuddier7@umn.edu,M
981,Coleen,Mills,cmillsr8@liveinternet.ru,F
982,Berte,Witcomb,bwitcombr9@myspace.com,F
983,Peadar,Nappin,pnappinra@google.com,M
984,Shay,Matelaitis,smatelaitisrb@home.pl,F
985,Britt,Melding,bmeldingrc@privacy.gov.au,F
986,Birdie,Bhatia,bbhatiard@epa.gov,F
987,Tobias,Wint,twintre@nydailynews.com,M
988,Erich,Bertome,ebertomerf@hc360.com,M
989,Joanie,Euels,jeuelsrg@ft.com,F
990,Ashli,Cradoc,acradocrh@scientificamerican.com,F
991,Celisse,Stroyan,cstroyanri@usgs.gov,F
992,Artus,Andrieu,aandrieurj@trellian.com,M
993,Sigmund,Arnull,sarnullrk@sourceforge.net,M
994,Florence,Vango,fvangorl@tuttocitta.it,F
995,Cecily,Booi,cbooirm@tuttocitta.it,F
996,Gordie,Beverage,gbeveragern@jimdo.com,M
997,Erik,Ziems,eziemsro@gmpg.org,M
998,Tabatha,Leonardi,tleonardirp@squidoo.com,F
999,Belva,Mattersley,bmattersleyrq@fema.gov,F
1000,Fielding,Wanjek,fwanjekrr@census.gov,M
