04,Hedvige,Purkis,hpurkis3@lycos.com,F
6,Rachele,Belchambers,rbelchambers5@mysql.com,F
11,Jacinthe,Hunsworth,jhunswortha@flavors.me,F
15,Suzi,Tuffrey,stuffreye@prweb.com,F
18,Ileane,Bouchier,ibouchierh@storify.com,F
20,Erminia,McKane,emckanej@tinyurl.com,F
22,Karrah,Wilhelmy,kwilhelmyl@narod.ru,F
24,Leelah,Spring,lspringn@vistaprint.com,F
25,Karine,Faldo,kfaldoo@cisco.com,F
27,Aila,Conichie,aconichieq@sciencedaily.com,F
32,Felicdad,Salery,fsaleryv@umich.edu,F
33,Rosanna,Richemont,rrichemontw@linkedin.com,F
36,Annmaria,Spellward,aspellwardz@nps.gov,F
37,Irena,Heathcott,iheathcott10@liveinternet.ru,F
38,Justinn,Gaule,jgaule11@disqus.com,F
39,Ruby,Giles,rgiles12@qq.com,F
41,Alicia,Caccavari,acaccavari14@google.it,F
42,Barbaraanne,Brookson,bbrookson15@rakuten.co.jp,F
46,Glenn,Coffelt,gcoffelt19@nasa.gov,F
48,Nessy,Pannett,npannett1b@abc.net.au,F
51,Rebbecca,O'Keefe,rokeefe1e@imdb.com,F
52,Margi,Dexter,mdexter1f@opensource.org,F
55,Joye,Roomes,jroomes1i@addthis.com,F
57,Jaquelyn,Court,jcourt1k@odnoklassniki.ru,F
58,Mariya,Chew,mchew1l@cloudflare.com,F
59,Philomena,Plomer,pplomer1m@friendfeed.com,F
61,Raquel,Drayn,rdrayn1o@w3.org,F
64,Kassey,Izkovitch,kizkovitch1r@cocolog-nifty.com,F
70,Charlotta,Lampens,clampens1x@devhub.com,F
71,Joane,Corps,jcorps1y@wix.com,F
73,Jeannette,Whiterod,jwhiterod20@army.mil,F
74,Idette,Narracott,inarracott21@telegraph.co.uk,F
76,Ainsley,Maestro,amaestro23@google.com.hk,F
80,Sheree,Jahnisch,sjahnisch27@nps.gov,F
81,Stace,Waller,swaller28@mlb.com,F
82,Cinnamon,Galbreth,cgalbreth29@eepurl.com,F
86,Berget,Scrange,bscrange2d@mail.ru,F
87,Eveline,Southerell,esoutherell2e@nationalgeographic.com,F
90,Aline,Grindell,agrindell2h@alibaba.com,F
91,Anabel,Dodell,adodell2i@microsoft.com,F
93,Neilla,Tredger,ntredger2k@mapquest.com,F
95,Marian,Molian,mmolian2m@hubpages.com,F
97,Sandy,Ropkins,sropkins2o@dyndns.org,F
98,Torie,Kleinbaum,tkleinbaum2p@woothemes.com,F
100,Dusty,McElhargy,dmcelhargy2r@posterous.com,F
101,Aviva,Juszczyk,ajuszczyk2s@moonfruit.com,F
102,Bernardine,Leguay,bleguay2t@japanpost.jp,F
103,Carmine,Allworthy,callworthy2u@last.fm,F
104,Siobhan,Ostler,sostler2v@weibo.com,F
105,Beatrice,Bertot,bbertot2w@gravatar.com,F
106,Margalit,Waller-Bridge,mwallerbridge2x@delicious.com,F
107,Genny,Kellen,gkellen2y@sakura.ne.jp,F
111,Kippie,Cawkill,kcawkill32@china.com.cn,F
112,Sabine,Ellar,sellar33@ow.ly,F
113,Moyna,Emps,memps34@nature.com,F
117,Corina,Bukowski,cbukowski38@1und1.de,F
119,Susanna,Tilling,stilling3a@deliciousdays.com,F
120,Charmine,Willson,cwillson3b@hugedomains.com,F
122,Fara,Boobyer,fboobyer3d@slashdot.org,F
125,Bryna,Crump,bcrump3g@fema.gov,F
126,Philippine,Siebart,psiebart3h@admin.ch,F
127,Tina,Rennick,trennick3i@prweb.com,F
130,Dorry,Havis,dhavis3l@cnn.com,F
131,Berti,McKall,bmckall3m@nymag.com,F
132,Cecelia,Inglesant,cinglesant3n@toplist.cz,F
135,Cassandre,Voules,cvoules3q@latimes.com,F
138,Cecil,Leary,cleary3t@epa.gov,F
139,Leisha,Longina,llongina3u@state.gov,F
140,Babb,Forrestill,bforrestill3v@printfriendly.com,F
141,Deena,Chaloner,dchaloner3w@fda.gov,F
142,Van,Boutwell,vboutwell3x@wikimedia.org,F
147,Violetta,Fallow,vfallow42@whitehouse.gov,F
150,Bridie,Wozencraft,bwozencraft45@elegantthemes.com,F
152,Marguerite,Woodwin,mwoodwin47@mail.ru,F
155,Libbey,Kerfod,lkerfod4a@zdnet.com,F
158,Kary,Picard,kpicard4d@huffingtonpost.com,F
162,Tierney,McFarlane,tmcfarlane4h@reddit.com,F
168,Barb,Iannini,biannini4n@guardian.co.uk,F
171,Charla,Healeas,chealeas4q@addthis.com,F
172,Hally,Feldstein,hfeldstein4r@woothemes.com,F
173,Pennie,Powlesland,ppowlesland4s@paginegialle.it,F
174,Karolina,Battson,kbattson4t@wikispaces.com,F
177,Farrand,Blowing,fblowing4w@wired.com,F
178,Linet,Dibb,ldibb4x@cyberchimps.com,F
179,Sheri,Pirelli,spirelli4y@uol.com.br,F
181,Mahalia,Birkinshaw,mbirkinshaw50@youtube.com,F
183,Elisabet,Troy,etroy52@youtu.be,F
184,Margette,Eliaz,meliaz53@yale.edu,F
186,Rebekkah,Mathelin,rmathelin55@qq.com,F
190,Vale,Tosh,vtosh59@odnoklassniki.ru,F
193,Glennie,Aidler,gaidler5c@nasa.gov,F
195,Farra,Dampney,fdampney5e@accuweather.com,F
197,Maridel,Smithend,msmithend5g@yahoo.co.jp,F
198,Belicia,Kelcey,bkelcey5h@youtube.com,F
199,Tisha,Job,tjob5i@flavors.me,F
204,Jany,Peartree,jpeartree5n@netlog.com,F
205,Melisent,Macura,mmacura5o@parallels.com,F
207,Britney,Chaikovski,bchaikovski5q@phoca.cz,F
211,Lib,Aire,laire5u@indiegogo.com,F
212,Lizzie,Fitt,lfitt5v@ustream.tv,F
215,Mufinella,Alderton,malderton5y@microsoft.com,F
216,Tabby,Keveren,tkeveren5z@1688.com,F
218,Brynn,McGuffog,bmcguffog61@forbes.com,F
219,Jenn,Sliney,jsliney62@accuweather.com,F
221,Michel,Wearing,mwearing64@seesaa.net,F
222,Sheila-kathryn,MacAree,smacaree65@cdbaby.com,F
224,Florida,Casarili,fcasarili67@timesonline.co.uk,F
230,Queenie,Longo,qlongo6d@zimbio.com,F
232,Natividad,Mecchi,nmecchi6f@huffingtonpost.com,F
234,Dari,Havelin,dhavelin6h@fema.gov,F
236,Agnesse,Treace,atreace6j@answers.com,F
237,Daffie,Whal,dwhal6k@cornell.edu,F
240,Estella,Matzl,ematzl6n@hexun.com,F
241,Clarie,Armitt,carmitt6o@desdev.cn,F
242,Celestine,Heinemann,cheinemann6p@seesaa.net,F
245,Ginny,Hudd,ghudd6s@marketwatch.com,F
246,Helaina,Kopmann,hkopmann6t@fema.gov,F
249,Sallee,Colpus,scolpus6w@dailymotion.com,F
252,Desiree,Mylan,dmylan6z@globo.com,F
256,Ivie,Affleck,iaffleck73@google.ru,F
259,Allegra,Bahls,abahls76@weibo.com,F
260,Toby,Sheivels,tsheivels77@qq.com,F
264,Luci,Kenealy,lkenealy7b@yandex.ru,F
265,Kellia,Lorenzini,klorenzini7c@flickr.com,F
267,Kaye,Attewill,kattewill7e@123-reg.co.uk,F
268,Inessa,Screach,iscreach7f@cyberchimps.com,F
270,Lucy,Barbrook,lbarbrook7h@dedecms.com,F
272,Cassi,Mountjoy,cmountjoy7j@yandex.ru,F
274,Valencia,Ableson,vableson7l@seattletimes.com,F
275,Pru,Bourdel,pbourdel7m@naver.com,F
277,Ronalda,Gorbell,rgorbell7o@networksolutions.com,F
280,Anna,Scrivin,ascrivin7r@51.la,F
284,Ranna,Purse,rpurse7v@bigcartel.com,F
287,Judye,Houselee,jhouselee7y@google.ru,F
288,Susie,Kenion,skenion7z@yellowpages.com,F
289,Ronni,Roan,rroan80@bloomberg.com,F
290,Allsun,Cashley,acashley81@123-reg.co.uk,F
292,Elenore,Darlison,edarlison83@angelfire.com,F
294,Etti,Greendale,egreendale85@diigo.com,F
295,Rena,Insworth,rinsworth86@salon.com,F
298,Karel,Hallford,khallford89@opensource.org,F
299,Oralee,Casely,ocasely8a@edublogs.org,F
301,Dorine,Maly,dmaly8c@smugmug.com,F
303,Brittaney,Kummerlowe,bkummerlowe8e@bluehost.com,F
305,Traci,Conduit,tconduit8g@hibu.com,F
307,Cindelyn,Woolland,cwoolland8i@shareasale.com,F
308,Torie,Stallworthy,tstallworthy8j@mayoclinic.com,F
311,Rana,Rodgers,rrodgers8m@dedecms.com,F
312,Penelopa,Sidebotham,psidebotham8n@wikispaces.com,F
313,Lizbeth,Skeene,lskeene8o@sohu.com,F
316,Leoline,MacAleese,lmacaleese8r@dedecms.com,F
317,Frederique,Ferrers,fferrers8s@pen.io,F
319,Shandie,Chsteney,schsteney8u@buzzfeed.com,F
320,Trula,Jeskin,tjeskin8v@toplist.cz,F
324,Meriel,Nunns,mnunns8z@bigcartel.com,F
326,Carrie,Winnard,cwinnard91@constantcontact.com,F
328,Carmelita,Fittis,cfittis93@diigo.com,F
329,Annelise,Tuckwood,atuckwood94@1und1.de,F
330,Cassandre,Lettley,clettley95@amazonaws.com,F
333,Selestina,Stoyle,sstoyle98@indiegogo.com,F
334,Cissiee,Roath,croath99@feedburner.com,F
335,Selina,Bohler,sbohler9a@comcast.net,F
337,Arline,Milkin,amilkin9c@clickbank.net,F
339,Leonie,Bierton,lbierton9e@youtu.be,F
340,Davina,Carnie,dcarnie9f@amazonaws.com,F
342,Isis,Cockrill,icockrill9h@ucsd.edu,F
345,Lorianna,Shivlin,lshivlin9k@ebay.com,F
346,Minetta,Boyle,mboyle9l@cyberchimps.com,F
347,Trish,Bukac,tbukac9m@feedburner.com,F
348,Starla,Mac Giolla Pheadair,smacgiollapheadair9n@umich.edu,F
350,Sianna,Grebbin,sgrebbin9p@dell.com,F
351,Angelika,Evemy,aevemy9q@aboutads.info,F
352,Babette,Boorne,bboorne9r@hexun.com,F
353,Anabelle,Bukac,abukac9s@ftc.gov,F
354,Enrica,Caulier,ecaulier9t@cnet.com,F
355,Goldy,Berceros,gberceros9u@so-net.ne.jp,F
356,Cara,Rickson,crickson9v@cnbc.com,F
360,Emmeline,Lasseter,elasseter9z@creativecommons.org,F
361,Constantine,Dukes,cdukesa0@unicef.org,F
364,Ollie,Huyge,ohuygea3@imgur.com,F
365,Denyse,Euston,deustona4@dion.ne.jp,F
367,Alfy,Bolsteridge,abolsteridgea6@china.com.cn,F
368,Pen,Falls,pfallsa7@fotki.com,F
369,Adrienne,Betty,abettya8@hostgator.com,F
370,Rose,Oguz,roguza9@ehow.com,F
373,Ericka,Rustman,erustmanac@sun.com,F
375,Fanny,Lasselle,flasselleae@tiny.cc,F
376,Elnora,Finlaison,efinlaisonaf@ucoz.com,F
377,Lynne,Mound,lmoundag@cyberchimps.com,F
379,Gertrude,Pescud,gpescudai@ca.gov,F
381,Ardine,Kitchenside,akitchensideak@cnbc.com,F
383,Elita,Blazy,eblazyam@sitemeter.com,F
385,Rebe,Madill,rmadillao@wikipedia.org,F
387,Janelle,Ockleshaw,jockleshawaq@google.de,F
389,Rickie,Lansberry,rlansberryas@gravatar.com,F
391,Mickie,Roderighi,mroderighiau@senate.gov,F
396,Clair,Crinson,ccrinsonaz@hatena.ne.jp,F
398,Jourdan,Pashby,jpashbyb1@cloudflare.com,F
399,Pia,Hansed,phansedb2@cnn.com,F
401,Kelcey,Macbane,kmacbaneb4@mlb.com,F
402,Carolynn,Beilby,cbeilbyb5@mysql.com,F
403,Olympe,Kemm,okemmb6@istockphoto.com,F
404,Devonna,Rignold,drignoldb7@arstechnica.com,F
405,Anabel,Perren,aperrenb8@hubpages.com,F
406,Audrie,Durber,adurberb9@whitehouse.gov,F
409,Deeanne,Rattray,drattraybc@google.ru,F
410,Mallorie,Tinner,mtinnerbd@exblog.jp,F
412,Bobine,Gillespey,bgillespeybf@a8.net,F
417,Joelynn,Brookwood,jbrookwoodbk@mac.com,F
421,Rebekah,Cleave,rcleavebo@usnews.com,F
422,Hesther,Rosindill,hrosindillbp@pinterest.com,F
427,Caralie,Pickrill,cpickrillbu@geocities.jp,F
431,Brynn,Wanklin,bwanklinby@patch.com,F
433,Melinda,Hurche,mhurchec0@domainmarket.com,F
434,Leisha,Kenworth,lkenworthc1@wiley.com,F
435,Paulita,Lavallin,plavallinc2@xinhuanet.com,F
436,Minette,Philippault,mphilippaultc3@examiner.com,F
437,Lavinie,Gosnoll,lgosnollc4@tripadvisor.com,F
439,Licha,Hinsch,lhinschc6@scribd.com,F
440,Ranna,Handsheart,rhandsheartc7@unblog.fr,F
441,Wilmette,McKernon,wmckernonc8@php.net,F
442,Giulietta,Dukes,gdukesc9@guardian.co.uk,F
443,Alverta,Patey,apateyca@chronoengine.com,F
446,Karel,Westmancoat,kwestmancoatcd@microsoft.com,F
448,Cordula,Hedgecock,chedgecockcf@360.cn,F
449,Ruthe,Larrington,rlarringtoncg@marriott.com,F
451,Loralie,Kollatsch,lkollatschci@blog.com,F
452,Bonita,Trevance,btrevancecj@usnews.com,F
453,Otha,Alessandrucci,oalessandruccick@paypal.com,F
454,Robinetta,Wyant,rwyantcl@dedecms.com,F
455,Deidre,MacLaverty,dmaclavertycm@unesco.org,F
456,Adrea,Caple,acaplecn@xrea.com,F
457,Stacey,Berthot,sberthotco@cornell.edu,F
458,Dorey,Skerritt,dskerrittcp@statcounter.com,F
459,Veda,Percy,vpercycq@ycombinator.com,F
460,Cathy,Moro,cmorocr@thetimes.co.uk,F
461,Gavrielle,Sprulls,gsprullscs@theatlantic.com,F
463,Mahala,Pinner,mpinnercu@yellowbook.com,F
466,Dorice,Simonitto,dsimonittocx@hibu.com,F
467,Lorinda,Hundy,lhundycy@cnbc.com,F
470,Lettie,Lafflina,llafflinad1@netvibes.com,F
471,Kaleena,Weatherill,kweatherilld2@java.com,F
472,Junina,Grund,jgrundd3@photobucket.com,F
477,Jilli,Linde,jlinded8@miibeian.gov.cn,F
480,Lucretia,Chipperfield,lchipperfielddb@surveymonkey.com,F
482,Dorothy,Real,drealdd@clickbank.net,F
483,Amalia,Harty,ahartyde@reverbnation.com,F
485,Poppy,Caudelier,pcaudelierdg@noaa.gov,F
487,Donni,Buard,dbuarddi@indiegogo.com,F
488,Kathy,Cromarty,kcromartydj@hp.com,F
489,Deloris,Walbrun,dwalbrundk@hubpages.com,F
490,Estella,Storek,estorekdl@time.com,F
492,Cordey,Karus,ckarusdn@house.gov,F
498,Trina,Gideon,tgideondt@friendfeed.com,F
499,Genny,Beauvais,gbeauvaisdu@drupal.org,F
501,Clarie,Whooley,cwhooleydw@fc2.com,F
503,Henriette,Dicker,hdickerdy@qq.com,F
507,Caty,Kubin,ckubine2@businessweek.com,F
508,Maible,Feare,mfearee3@ask.com,F
510,Sande,Birkett,sbirkette5@tiny.cc,F
511,Anjela,Varvara,avarvarae6@sun.com,F
513,Ellie,Hakey,ehakeye8@wisc.edu,F
514,Flss,Purchon,fpurchone9@bloglines.com,F
517,Margaux,McCaughren,mmccaughrenec@sciencedirect.com,F
519,June,Kremer,jkremeree@cocolog-nifty.com,F
521,Eirena,Vardon,evardoneg@newyorker.com,F
522,Renelle,Sercombe,rsercombeeh@google.fr,F
525,Chrissy,Hold,choldek@t.co,F
528,Charita,Peartree,cpeartreeen@princeton.edu,F
529,Hephzibah,Filchakov,hfilchakoveo@paginegialle.it,F
530,Kristy,Ivanyukov,kivanyukovep@google.fr,F
538,Dredi,Theurer,dtheurerex@twitter.com,F
540,Nelli,Jeannet,njeannetez@youku.com,F
543,Catrina,Mico,cmicof2@about.com,F
547,Sharona,Gyer,sgyerf6@bigcartel.com,F
549,Rycca,Axleby,raxlebyf8@pcworld.com,F
550,Francoise,Ivushkin,fivushkinf9@reference.com,F
551,Camille,Andras,candrasfa@reverbnation.com,F
552,Brande,Andrini,bandrinifb@noaa.gov,F
553,Corrianne,Hellis,chellisfc@topsy.com,F
555,Cristal,Dance,cdancefe@gizmodo.com,F
556,Debor,Elles,dellesff@so-net.ne.jp,F
558,Sabine,Leate,sleatefh@t.co,F
559,Adey,Balmforth,abalmforthfi@alexa.com,F
560,Kacie,Vernham,kvernhamfj@prnewswire.com,F
561,Melisent,Gowar,mgowarfk@facebook.com,F
563,Kathlin,Shemilt,kshemiltfm@bloomberg.com,F
564,Flori,Bengall,fbengallfn@google.co.uk,F
566,Elsey,Deards,edeardsfp@nsw.gov.au,F
567,Dotti,Alflatt,dalflattfq@myspace.com,F
568,Ursulina,Heugle,uheuglefr@naver.com,F
569,Carmencita,Beville,cbevillefs@admin.ch,F
571,Arlette,Gabotti,agabottifu@wired.com,F
572,Silvie,Antcliff,santclifffv@nhs.uk,F
574,Abby,Veighey,aveigheyfx@un.org,F
575,Gunilla,Bogace,gbogacefy@blogtalkradio.com,F
577,Devondra,Deeth,ddeethg0@aol.com,F
580,Gladys,Burch,gburchg3@1und1.de,F
582,Myrna,Bowery,mboweryg5@usatoday.com,F
584,Lindsy,Milham,lmilhamg7@wisc.edu,F
585,Timmie,Silbert,tsilbertg8@sourceforge.net,F
586,Emmy,Winkell,ewinkellg9@salon.com,F
587,Datha,Kullmann,dkullmannga@icio.us,F
588,Josy,Murrock,jmurrockgb@spiegel.de,F
589,Sophia,Horrell,shorrellgc@blogger.com,F
591,Wallis,Klaussen,wklaussenge@msu.edu,F
592,Esme,Fairbairn,efairbairngf@tamu.edu,F
598,Libbi,Handman,lhandmangl@xing.com,F
599,Doll,Connock,dconnockgm@tinypic.com,F
601,Kirstyn,Quare,kquarego@dailymail.co.uk,F
604,Maurise,Maunton,mmauntongr@nbcnews.com,F
605,Katusha,Pauls,kpaulsgs@nymag.com,F
606,Karol,Manifield,kmanifieldgt@weibo.com,F
607,Eudora,Ollerton,eollertongu@tumblr.com,F
609,Floria,Laneham,flanehamgw@linkedin.com,F
610,Heath,Boshier,hboshiergx@arizona.edu,F
616,Theda,Cathie,tcathieh3@dagondesign.com,F
618,Aveline,Wilkins,awilkinsh5@mayoclinic.com,F
620,Arlen,Sennett,asennetth7@wufoo.com,F
621,Timi,Sterland,tsterlandh8@vk.com,F
622,Lesley,Cossam,lcossamh9@nyu.edu,F
623,Vanessa,Crickmoor,vcrickmoorha@4shared.com,F
627,Lorelei,Wormell,lwormellhe@usnews.com,F
628,Antonina,Klaffs,aklaffshf@barnesandnoble.com,F
630,Rene,Shatford,rshatfordhh@digg.com,F
631,Hadria,Joutapaitis,hjoutapaitishi@intel.com,F
633,Dasie,Langhorn,dlanghornhk@google.fr,F
640,Zaneta,La Batie,zlabatiehr@engadget.com,F
642,Henrietta,Blay,hblayht@deliciousdays.com,F
644,Kerri,Tuft,ktufthv@xinhuanet.com,F
645,Marguerite,Hanes,mhaneshw@umn.edu,F
646,Ethelyn,Zamboniari,ezamboniarihx@naver.com,F
649,Sheelah,Berick,sbericki0@blogger.com,F
653,Olimpia,Crate,ocratei4@dailymotion.com,F
655,Christyna,Dawby,cdawbyi6@alibaba.com,F
658,Sorcha,Collinette,scollinettei9@japanpost.jp,F
662,Savina,Phipard-Shears,sphipardshearsid@ox.ac.uk,F
664,Nadiya,Wigfield,nwigfieldif@simplemachines.org,F
665,Floris,Glancey,fglanceyig@uol.com.br,F
669,Lelah,Slott,lslottik@ox.ac.uk,F
670,Keriann,Cammish,kcammishil@flickr.com,F
673,Hannie,Brick,hbrickio@comsenz.com,F
676,Polly,Dumbrill,pdumbrillir@ft.com,F
677,Tiffani,Culkin,tculkinis@t.co,F
679,Tessa,Benaine,tbenaineiu@imdb.com,F
681,Bren,McKelvey,bmckelveyiw@columbia.edu,F
683,Vivie,Leckenby,vleckenbyiy@bloomberg.com,F
684,Dorthy,Leipnik,dleipnikiz@furl.net,F
687,Gerrilee,Del Checolo,gdelchecoloj2@vimeo.com,F
688,Katina,Benduhn,kbenduhnj3@bing.com,F
689,Sonni,Hayles,shaylesj4@joomla.org,F
690,Audie,Neumann,aneumannj5@nationalgeographic.com,F
691,Peggy,Betterton,pbettertonj6@dropbox.com,F
692,Blair,Crocetto,bcrocettoj7@google.it,F
694,Modestine,McVanamy,mmcvanamyj9@chronoengine.com,F
696,Charisse,Pesterfield,cpesterfieldjb@uiuc.edu,F
698,Jeri,Atwill,jatwilljd@vk.com,F
699,Melantha,Wellstead,mwellsteadje@sciencedirect.com,F
701,Verine,Maccrea,vmaccreajg@webs.com,F
704,Revkah,Crysell,rcryselljj@twitter.com,F
707,Teresita,Vedyashkin,tvedyashkinjm@etsy.com,F
710,Elka,Allington,eallingtonjp@mac.com,F
714,Cristie,Taphouse,ctaphousejt@123-reg.co.uk,F
715,Nollie,Bunstone,nbunstoneju@prweb.com,F
716,Shaylynn,O'Hone,sohonejv@plala.or.jp,F
717,Renie,Fuzzens,rfuzzensjw@gizmodo.com,F
718,Timmy,Turfrey,tturfreyjx@hc360.com,F
719,Mira,Hastwell,mhastwelljy@freewebs.com,F
725,Joyous,Brotherhood,jbrotherhoodk4@jigsy.com,F
729,Melany,Wloch,mwlochk8@fotki.com,F
731,Bridget,Ledingham,bledinghamka@multiply.com,F
734,Priscella,Blakeston,pblakestonkd@youku.com,F
738,Amargo,Burkin,aburkinkh@typepad.com,F
739,Joyann,Ley,jleyki@dmoz.org,F
740,Jessalin,Stemson,jstemsonkj@mapy.cz,F
744,Doroteya,O'Heaney,doheaneykn@sogou.com,F
746,Gracie,Giuron,ggiuronkp@behance.net,F
747,Loralie,Dinis,ldiniskq@wired.com,F
749,Ashlee,Sifleet,asifleetks@nymag.com,F
754,Diena,Olivier,dolivierkx@friendfeed.com,F
758,Cherise,Noah,cnoahl1@loc.gov,F
764,Mariele,Peepall,mpeepalll7@devhub.com,F
766,Jazmin,Darinton,jdarintonl9@zimbio.com,F
769,Iolande,Woolmer,iwoolmerlc@seesaa.net,F
770,Lizbeth,Arundel,larundelld@comsenz.com,F
771,Melisse,Binns,mbinnsle@columbia.edu,F
772,Fiorenze,Angless,fanglesslf@baidu.com,F
778,Albina,Keattch,akeattchll@cargocollective.com,F
779,Daryl,Gentil,dgentillm@indiegogo.com,F
780,Lilas,Aleksidze,laleksidzeln@adobe.com,F
783,Loretta,Strike,lstrikelq@storify.com,F
784,Shanon,Hutchason,shutchasonlr@vinaora.com,F
787,Dorothee,Ahrendsen,dahrendsenlu@walmart.com,F
789,Mehetabel,Lezemore,mlezemorelw@diigo.com,F
790,Constantine,Cerro,ccerrolx@istockphoto.com,F
793,Amberly,Pessold,apessoldm0@artisteer.com,F
794,Faina,Toffts,ftofftsm1@tinypic.com,F
795,Harmony,Escalante,hescalantem2@nih.gov,F
802,Karola,Lambe,klambem9@bbb.org,F
803,Alidia,Burroughes,aburroughesma@webmd.com,F
809,Sarena,Sturror,ssturrormg@wufoo.com,F
811,Bari,MacNab,bmacnabmi@wikia.com,F
812,Codi,Poundesford,cpoundesfordmj@vistaprint.com,F
813,Jeannette,Hathwood,jhathwoodmk@wikia.com,F
814,Edi,Ratcliffe,eratcliffeml@sun.com,F
815,Genvieve,Sawyer,gsawyermm@sciencedaily.com,F
816,Winna,Guiso,wguisomn@bloglovin.com,F
817,Sadye,Bonham,sbonhammo@reference.com,F
818,Dareen,Bunclark,dbunclarkmp@squarespace.com,F
819,Arabela,Biskupski,abiskupskimq@google.com,F
823,Adara,Szantho,aszanthomu@stumbleupon.com,F
825,Marcelline,Orteu,morteumw@flavors.me,F
827,Collete,Gebhard,cgebhardmy@yahoo.com,F
835,Tabbi,Dallinder,tdallindern6@google.es,F
837,Ruthe,Puckrin,rpuckrinn8@ocn.ne.jp,F
838,Claudetta,Windmill,cwindmilln9@pcworld.com,F
842,Dayle,Jeromson,djeromsonnd@multiply.com,F
844,Yolanthe,Bellanger,ybellangernf@livejournal.com,F
846,Rosette,Polack,rpolacknh@npr.org,F
847,Zsa zsa,Bettison,zbettisonni@hao123.com,F
852,Melva,Bestar,mbestarnn@dailymail.co.uk,F
853,Clea,Knok,cknokno@mail.ru,F
854,Trix,Behrens,tbehrensnp@opera.com,F
855,Dix,Bradock,dbradocknq@ibm.com,F
857,Rosemaria,Fazackerley,rfazackerleyns@bravesites.com,F
858,Beryl,Pardey,bpardeynt@drupal.org,F
859,Brita,Cradoc,bcradocnu@odnoklassniki.ru,F
860,Ginnifer,Farnham,gfarnhamnv@123-reg.co.uk,F
861,Tracie,Giacovetti,tgiacovettinw@lycos.com,F
862,Issie,Videan,ivideannx@answers.com,F
863,Dee dee,Overshott,dovershottny@ezinearticles.com,F
865,Linda,Ollerenshaw,lollerenshawo0@skype.com,F
866,Fawne,Gildroy,fgildroyo1@merriam-webster.com,F
868,Claude,Claringbold,cclaringboldo3@mac.com,F
870,Kelcy,Ensor,kensoro5@disqus.com,F
871,Celene,Trayes,ctrayeso6@house.gov,F
875,Cele,Seeking,cseekingoa@nps.gov,F
876,Flori,Pettman,fpettmanob@eepurl.com,F
877,Morganne,Kuna,mkunaoc@merriam-webster.com,F
882,Dix,Undrell,dundrelloh@cornell.edu,F
884,Hortense,Nockolds,hnockoldsoj@about.com,F
886,Garland,Lynett,glynettol@hud.gov,F
888,Cam,Girault,cgiraulton@lulu.com,F
890,Yetty,Canet,ycanetop@omniture.com,F
891,Dorie,Clucas,dclucasoq@pagesperso-orange.fr,F
894,Laraine,Stapley,lstapleyot@youtube.com,F
896,Myriam,Cremins,mcreminsov@weebly.com,F
898,Cleo,Heine,cheineox@hc360.com,F
909,Cheslie,O'Leary,colearyp8@amazon.de,F
910,Andie,Burkhill,aburkhillp9@businesswire.com,F
911,Claudetta,Gittose,cgittosepa@nymag.com,F
913,Yetty,Tolle,ytollepc@irs.gov,F
914,Annmaria,Farbrother,afarbrotherpd@soup.io,F
915,Kassie,Mogridge,kmogridgepe@themeforest.net,F
916,Jacqueline,Harrigan,jharriganpf@cbsnews.com,F
919,Guinevere,Cunliffe,gcunliffepi@hc360.com,F
922,Lissy,Ellerman,lellermanpl@quantcast.com,F
923,Carmel,Grzeszczyk,cgrzeszczykpm@umn.edu,F
924,Oona,Seccombe,oseccombepn@blinklist.com,F
926,Mildrid,Tantum,mtantumpp@ox.ac.uk,F
927,Nerty,Gauvin,ngauvinpq@ocn.ne.jp,F
928,Nikki,Fantham,nfanthampr@jigsy.com,F
929,Kellsie,Tanzer,ktanzerps@cargocollective.com,F
930,Janessa,Staton,jstatonpt@gnu.org,F
932,Mariann,Lile,mlilepv@admin.ch,F
933,Karmen,Simeons,ksimeonspw@nba.com,F
934,Maren,Dobell,mdobellpx@usgs.gov,F
936,Georgena,Rackham,grackhampz@whitehouse.gov,F
942,Kelly,Castanone,kcastanoneq5@linkedin.com,F
943,Edin,Byles,ebylesq6@upenn.edu,F
944,Florentia,Tapner,ftapnerq7@wikispaces.com,F
946,Libbey,Comins,lcominsq9@dagondesign.com,F
947,Marge,MacManus,mmacmanusqa@newyorker.com,F
950,Lyndsie,Overill,loverillqd@wordpress.com,F
951,Tierney,Dicks,tdicksqe@i2i.jp,F
953,Jolynn,Ferfulle,jferfulleqg@virginia.edu,F
955,Caitlin,Lewcock,clewcockqi@forbes.com,F
956,Emelia,Niblo,enibloqj@homestead.com,F
959,Raynell,Itzkovich,ritzkovichqm@ehow.com,F
960,Darci,Fendley,dfendleyqn@canalblog.com,F
962,Lydia,Pagen,lpagenqp@goo.ne.jp,F
963,Tildie,Staker,tstakerqq@upenn.edu,F
969,Flss,Oda,fodaqw@reddit.com,F
973,Jacintha,Bankes,jbankesr0@slideshare.net,F
974,Ruthy,Fitzsymonds,rfitzsymondsr1@nhs.uk,F
975,Kayla,Bereford,kberefordr2@meetup.com,F
976,Janelle,Ellesmere,jellesmerer3@wufoo.com,F
977,Jennee,Redmille,jredmiller4@amazon.co.jp,F
978,Appolonia,Dykes,adykesr5@instagram.com,F
979,Emyle,Spon,esponr6@acquirethisname.com,F
981,Coleen,Mills,cmillsr8@liveinternet.ru,F
982,Berte,Witcomb,bwitcombr9@myspace.com,F
984,Shay,Matelaitis,smatelaitisrb@home.pl,F
985,Britt,Melding,bmeldingrc@privacy.gov.au,F
986,Birdie,Bhatia,bbhatiard@epa.gov,F
989,Joanie,Euels,jeuelsrg@ft.com,F
990,Ashli,Cradoc,acradocrh@scientificamerican.com,F
991,Celisse,Stroyan,cstroyanri@usgs.gov,F
994,Florence,Vango,fvangorl@tuttocitta.it,F
995,Cecily,Booi,cbooirm@tuttocitta.it,F
998,Tabatha,Leonardi,tleonardirp@squidoo.com,F
999,Belva,Mattersley,bmattersleyrq@fema.gov,F
